<?xml version="1.0" encoding="UTF-8"?>
<doublecmd>
  <History>
    <Navigation>
      <Item>\\nas\POSTERS\Pak\210121\sverhestestvennoe_s13_2017__sd\</Item>
      <Item>\\nas\POSTERS\Pak\210121\</Item>
      <Item>\\nas\POSTERS\Pak\</Item>
      <Item>\\nas\POSTERS\Pak\2020\</Item>
      <Item>\\nas\POSTERS\Pak\2020\201218\</Item>
      <Item>\\nas\POSTERS\Pak\2020\201218\_rwv\</Item>
      <Item>\\nas\POSTERS\Pak\2020\201211\</Item>
      <Item>\\nas\POSTERS\Pak\2020\201229\</Item>
      <Item>\\nas\POSTERS\</Item>
      <Item>\\nas\POSTERS\ARHIVE_POSTERS_RT\</Item>
      <Item>\\nas\POSTERS\GAZPROM_DONE\</Item>
      <Item>e:\POSTERS\!notready1\_rostelecom\sverhestestvennoe_s13_2017__sd\</Item>
      <Item>e:\POSTERS\!notready1\_rostelecom\</Item>
      <Item>e:\POSTERS\!notready1\</Item>
      <Item>e:\POSTERS\</Item>
      <Item>e:\POSTERS\!notready2\</Item>
      <Item>g:\archive\</Item>
      <Item>g:\archive\ROSTELECOM\</Item>
      <Item>g:\archive\ROSTELECOM\__old_rostelecom\</Item>
      <Item>e:\POSTERS\GAZPROM\</Item>
      <Item>e:\POSTERS\ROSTELECOM\</Item>
      <Item>g:\</Item>
      <Item>g:\archive\ROSTELECOM\_rwv\</Item>
      <Item>d:\</Item>
      <Item>c:\Users\apak\go\src\</Item>
      <Item>c:\Users\apak\go\src\github.com\</Item>
      <Item>c:\Users\apak\go\src\github.com\kiohime\</Item>
      <Item>c:\Users\apak\go\src\github.com\kiohime\findfiles\</Item>
      <Item>c:\Users\apak\go\src\github.com\kiohime\findfiles\pkg\</Item>
      <Item>c:\Users\apak\go\src\github.com\kiohime\findfiles\pkg\ffgui\</Item>
      <Item>c:\Users\apak\go\src\github.com\kiohime\findfiles\cmd\</Item>
      <Item>c:\Users\apak\go\src\github.com\kiohime\findfiles\cmd\findfiles_gui\</Item>
      <Item>c:\Users\apak\go\src\github.com\kiohime\findfiles\pkg\fzscreen\</Item>
      <Item>e:\POSTERS\!!!test\</Item>
      <Item>e:\</Item>
      <Item>c:\Users\apak\go\src\github.com\kiohime\findfiles\pkg\walk\</Item>
      <Item>c:\Users\apak\go\src\github.com\kiohime\findfiles\pkg\fzfgo\</Item>
      <Item>\\nas\POSTERS\gfx_source\Bashnya_bezmolviya_2019\</Item>
      <Item>\\nas\POSTERS\gfx_source\</Item>
      <Item>\\nas\POSTERS\GAZPROM_UPLOAD\</Item>
      <Item>\\nas\POSTERS\GAZPROM_UPLOAD\@Apple_Adndroid\</Item>
      <Item>c:\Users\apak\go\src\fyne.io\fyne\v2\cmd\fyne_demo\tutorials\</Item>
      <Item>c:\Users\apak\go\src\fyne.io\fyne\v2\cmd\fyne_demo\</Item>
      <Item>c:\Users\apak\go\src\fyne.io\fyne\v2\cmd\</Item>
      <Item>c:\Users\apak\go\src\fyne.io\fyne\v2\</Item>
      <Item>c:\Users\apak\go\src\fyne.io\fyne\</Item>
      <Item>c:\Users\apak\go\src\fyne.io\</Item>
      <Item>c:\Users\apak\go\src\golang.org\</Item>
      <Item>c:\Users\apak\go\src\golang.org\x\</Item>
      <Item>c:\Users\apak\go\src\github.com\fyne-io\</Item>
      <Item>c:\Users\apak\go\src\github.com\fyne-io\examples\</Item>
    </Navigation>
    <CommandLine>
      <Item>.&gt;main.go</Item>
      <Item>copy con sss.lua</Item>
      <Item>.lua</Item>
      <Item>.&gt;test.lua</Item>
      <Item>cm_configgotkeys</Item>
      <Item>go env</Item>
      <Item>mama</Item>
    </CommandLine>
    <FileMask>
      <Item>sverh</Item>
      <Item>fzf</Item>
      <Item>june</Item>
      <Item>demo</Item>
      <Item>font</Item>
      <Item>ящик</Item>
      <Item>вол</Item>
      <Item>2018</Item>
      <Item>zavisim</Item>
      <Item>ffmpeg</Item>
      <Item>luntik</Item>
      <Item>Luntik</Item>
      <Item>otec</Item>
      <Item>vashi</Item>
      <Item>vashing</Item>
      <Item>vashingt</Item>
      <Item>jpg</Item>
      <Item>*525*</Item>
      <Item>525</Item>
      <Item>psd</Item>
      <Item>*.dll</Item>
    </FileMask>
    <SearchText>
      <Item>move</Item>
      <Item>theme</Item>
      <Item>color</Item>
      <Item>asser</Item>
      <Item>time</Item>
      <Item>makeAnimationScreen</Item>
      <Item>makeAnimationCurves</Item>
      <Item>makeAnimationCurveItem</Item>
      <Item>setScaleText</Item>
      <Item>interface</Item>
      <Item>viewe</Item>
      <Item>psd</Item>
    </SearchText>
    <SearchTextPath/>
    <ReplaceText/>
    <ReplaceTextPath/>
    <CreateDirectories>
      <Item>fzscreen</Item>
      <Item>lesson04</Item>
      <Item>fzfgo</Item>
      <Item>ffgui</Item>
      <Item>findfiles_gui</Item>
      <Item>cmd</Item>
      <Item>walk</Item>
      <Item>pkg</Item>
      <Item>findfile_gui</Item>
      <Item>findfile</Item>
      <Item>koncert_pavla_voli_konec_sveta_2012</Item>
      <Item>zomboyashik_2017</Item>
      <Item>03-18</Item>
      <Item>bolshoy_stand_up_pavla_voli_2018_2018</Item>
      <Item>_gpm_ntv2</Item>
      <Item>koncert_pavla_voli_ishu_babu_2012</Item>
      <Item>koncert_dueta_im_chehova_izbrannoe_tom_1_2013</Item>
      <Item>_bibl_gpm</Item>
      <Item>univer_2008</Item>
      <Item>sveta_s_togo_sveta_2018</Item>
    </CreateDirectories>
    <SearchDirectories>
      <Item>e:\POSTERS\</Item>
      <Item>g:\archive\ROSTELECOM\</Item>
      <Item>c:\Users\apak\go\</Item>
      <Item>c:\Users\apak\go\src\</Item>
      <Item>c:\Users\apak\go\src\fyne.io\fyne\v2\cmd\fyne_demo\tutorials\</Item>
      <Item>c:\Users\apak\AppData\</Item>
      <Item>\\nas\POSTERS\GAZPROM_UPLOAD\@Apple_Adndroid\2021.03.18\</Item>
      <Item>e:\POSTERS\GAZPROM\__old_gazprom\</Item>
      <Item>C:\Users\apak\AppData\</Item>
      <Item>\\nas\EDIT\_exchange\</Item>
      <Item>\\nas\POSTERS\Zhenya\</Item>
      <Item>g:\archive\</Item>
      <Item>e:\POSTERS\__kirill\</Item>
      <Item>e:\POSTERS\GAZPROM\</Item>
      <Item>g:\archive\GAZPROM\</Item>
      <Item>C:\DISTANT_WORK\</Item>
      <Item>C:\DISTANT_WORK\02-tue\_amedia\Instinkt_s02_2019__hd_amed\</Item>
      <Item>C:\doublecmd\</Item>
    </SearchDirectories>
    <SearchExcludeFiles/>
    <SearchExcludeDirectories/>
  </History>
</doublecmd>
