<?xml version="1.0" encoding="UTF-8"?>
<doublecmd DCVersion="0.9.10 beta" ConfigVersion="10">
  <Toolbars>
    <MainToolbar>
      <Row>
        <Menu>
          <ID>{00BE8DB5-E13D-439A-8BC1-36C6EAF2AC43}</ID>
          <Icon>cm_runterm</Icon>
          <Hint>Default Button Bar</Hint>
          <MenuItems>
            <Command>
              <ID>{240D2072-93F3-4F98-9CF7-CF99196048EE}</ID>
              <Icon>cm_runterm</Icon>
              <Command>cm_RunTerm</Command>
            </Command>
            <Command>
              <ID>{5C6A9221-5053-4694-9FE5-0AEAD6E8633F}</ID>
              <Icon>cm_options</Icon>
              <Command>cm_Options</Command>
            </Command>
            <Separator/>
            <Command>
              <ID>{5210038A-07C9-4AC6-B8A2-448F937DC6A6}</ID>
              <Icon>cm_markplus</Icon>
              <Command>cm_MarkPlus</Command>
            </Command>
            <Command>
              <ID>{9D956D57-24B4-469C-87C2-C86CD988F1E9}</ID>
              <Icon>cm_markminus</Icon>
              <Command>cm_MarkMinus</Command>
            </Command>
            <Command>
              <ID>{96360183-93FD-42FE-AFED-662CAF948EF4}</ID>
              <Icon>cm_markinvert</Icon>
              <Command>cm_MarkInvert</Command>
            </Command>
            <Separator/>
            <Command>
              <ID>{B40D8F2D-1EE2-410C-82BB-05A8876CD35D}</ID>
              <Icon>cm_packfiles</Icon>
              <Command>cm_PackFiles</Command>
            </Command>
            <Command>
              <ID>{F727604C-4B9E-44D7-A427-3C087B9DF739}</ID>
              <Icon>cm_extractfiles</Icon>
              <Command>cm_ExtractFiles</Command>
            </Command>
            <Separator/>
            <Command>
              <ID>{A53E82C5-B94D-43E9-A6D7-0C24179D70FC}</ID>
              <Icon>cm_multirename</Icon>
              <Command>cm_MultiRename</Command>
            </Command>
            <Command>
              <ID>{09FCD61A-4C41-4623-9DA0-C62CC5E066EC}</ID>
              <Icon>cm_syncdirs</Icon>
              <Command>cm_SyncDirs</Command>
            </Command>
            <Command>
              <ID>{86F8BA86-7AD8-40DB-94B2-DB01BB031F11}</ID>
              <Icon>cm_copyfullnamestoclip</Icon>
              <Command>cm_CopyFullNamesToClip</Command>
            </Command>
          </MenuItems>
        </Menu>
        <Separator/>
        <Menu>
          <ID>{E04B51BD-A196-41C8-83E6-9B3A2ED27A23}</ID>
          <Icon>cm_briefview</Icon>
          <Hint>View Modes</Hint>
          <MenuItems>
            <Command>
              <ID>{598D3274-D91D-4F45-B244-AA2112684D6F}</ID>
              <Icon>cm_columnsview</Icon>
              <Command>cm_ColumnsView</Command>
            </Command>
            <Command>
              <ID>{F007E89D-6428-4C1E-8CFC-22621AEB5E11}</ID>
              <Icon>cm_briefview</Icon>
              <Command>cm_BriefView</Command>
            </Command>
            <Command>
              <ID>{3C2A2BD7-87E7-4F89-88A5-14CA452A657F}</ID>
              <Icon>cm_thumbnailsview</Icon>
              <Command>cm_ThumbnailsView</Command>
            </Command>
            <Command>
              <ID>{C0D1FBFF-2288-4971-9EC3-BA210ABE9987}</ID>
              <Icon>cm_flatview</Icon>
              <Command>cm_FlatView</Command>
            </Command>
          </MenuItems>
        </Menu>
        <Separator/>
        <Program>
          <ID>{6C0CF3CA-4F3D-4C71-9190-E83C9603C7A0}</ID>
          <Icon>C:\Program Files\Adobe\Adobe Photoshop 2020\Photoshop.exe</Icon>
          <Hint>Photoshop 2020</Hint>
          <Command>C:\Program Files\Adobe\Adobe Photoshop 2020\Photoshop.exe</Command>
          <Params>%p</Params>
        </Program>
        <Program>
          <ID>{FEC0CB81-E787-44DD-AA79-8301EE506454}</ID>
          <Icon>C:\doublecmd\utilites\icons\icomic\folder close blue.ico</Icon>
          <Hint>rtimg</Hint>
          <Command>rtimg</Command>
          <Params>%f</Params>
        </Program>
        <Separator/>
        <Separator/>
        <Separator/>
        <Separator/>
        <Separator/>
        <Program>
          <ID>{E9231F24-45FD-4675-A982-DA1134D08331}</ID>
          <Icon>C:\doublecmd\utilites\icons\icomic\address book.ico</Icon>
          <Command>agelogo -deep</Command>
          <Params>%f</Params>
        </Program>
        <Program>
          <ID>{6B08F519-954F-4712-B6C6-17FC4B6E0880}</ID>
          <Icon>C:\doublecmd\utilites\icons\icomic\cd.ico</Icon>
          <Hint>tag check and fix</Hint>
          <Command>tnrename --deep</Command>
          <Params>%f</Params>
        </Program>
        <Program>
          <ID>{A95C31E3-AB90-4EB5-B917-BBE39EFD693E}</ID>
          <Icon>C:\doublecmd\utilites\icons\icandy\Fonts 2.ico</Icon>
          <Hint>translit rus text copied in clipboard</Hint>
          <Command>translit -c</Command>
        </Program>
        <Program>
          <ID>{6696405F-AA88-4754-B3E1-D022788447C0}</ID>
          <Icon>C:\doublecmd\utilites\icons\icandy\Fonts 1.ico</Icon>
          <Hint>translit selected file with big letter</Hint>
          <Command>translit -u</Command>
          <Params>%f</Params>
        </Program>
        <Program>
          <ID>{EAAC890C-D8B6-4610-B978-E4CA781DA9DF}</ID>
          <Icon>C:\doublecmd\utilites\icons\icandy\Forward 2.ico</Icon>
          <Hint>for rostlecom nameform</Hint>
          <Command>tnrename --deep --force rt --add-hash</Command>
          <Params>%f</Params>
        </Program>
        <Program>
          <ID>{3E3EB907-FB9D-4A34-9896-AB84592D431A}</ID>
          <Icon>C:\doublecmd\utilites\icons\icandy\Back 2.ico</Icon>
          <Hint>for normal nameform</Hint>
          <Command>tnrename --deep --force old</Command>
          <Params>%f</Params>
        </Program>
        <Separator/>
        <Program>
          <ID>{1ADE139C-E604-4B10-88AF-453FFAEEAE74}</ID>
          <Icon>C:\Program Files\AutoHotkey\AutoHotkey.exe</Icon>
          <Command>c:\tools\AHK\global.ahk</Command>
        </Program>
        <Program>
          <ID>{CC1D1B08-D21D-4E1D-A0CB-88985176A063}</ID>
          <Icon>C:\doublecmd\utilites\icons\icandy\Browse 3.ico</Icon>
          <Hint>filesearch_nas_folders</Hint>
          <Command>filesearch_nas_folders.bat</Command>
        </Program>
        <Program>
          <ID>{C043DF0D-3DF0-49E3-96AE-1B536BBCAA83}</ID>
          <Icon>C:\doublecmd\utilites\icons\icandy\Browse 1.ico</Icon>
          <Hint>filesearch_nas_full</Hint>
          <Command>filesearch_nas_full.bat</Command>
        </Program>
        <Program>
          <ID>{364C9C8A-C591-4FF2-AB7C-0EE7F400AFA8}</ID>
          <Icon>C:\doublecmd\utilites\icons\icomic\folder image yellow.ico</Icon>
          <Hint>convert webp to png</Hint>
          <Command>webp.bat</Command>
          <Params>%f</Params>
        </Program>
      </Row>
    </MainToolbar>
  </Toolbars>
  <MainWindow>
    <Position Save="True">
      <Left>984</Left>
      <Top>0</Top>
      <Width>927</Width>
      <Height>1048</Height>
      <PixelsPerInch>96</PixelsPerInch>
      <Maximized>True</Maximized>
      <Splitter>50.6738544474394</Splitter>
    </Position>
  </MainWindow>
  <Configuration Save="True" SortOrder="0" TreeType="0">
    <UseConfigInProgramDir>True</UseConfigInProgramDir>
    <FolderTabs Save="True"/>
  </Configuration>
  <Language>
    <POFileName>doublecmd.po</POFileName>
  </Language>
  <Behaviours>
    <GoToRoot>False</GoToRoot>
    <ActiveRight>False</ActiveRight>
    <RunInTerminalStayOpenCmd>cmd.exe</RunInTerminalStayOpenCmd>
    <RunInTerminalStayOpenParams>/K {command}</RunInTerminalStayOpenParams>
    <RunInTerminalCloseCmd>cmd.exe</RunInTerminalCloseCmd>
    <RunInTerminalCloseParams>/C {command}</RunInTerminalCloseParams>
    <JustRunTerminal>cmd.exe</JustRunTerminal>
    <JustRunTermParams/>
    <OnlyOneAppInstance>False</OnlyOneAppInstance>
    <LynxLike>True</LynxLike>
    <FileSizeFormat>6</FileSizeFormat>
    <OperationSizeFormat>0</OperationSizeFormat>
    <HeaderFooterSizeFormat>0</HeaderFooterSizeFormat>
    <FileSizeDigits>1</FileSizeDigits>
    <HeaderFooterDigits>1</HeaderFooterDigits>
    <OperationSizeDigits>1</OperationSizeDigits>
    <PersonalizedByte>B</PersonalizedByte>
    <PersonalizedKilo>KB</PersonalizedKilo>
    <PersonalizedMega>MB</PersonalizedMega>
    <PersonalizedGiga>GB</PersonalizedGiga>
    <PersonalizedTera>TB</PersonalizedTera>
    <MinimizeToTray>False</MinimizeToTray>
    <AlwaysShowTrayIcon>False</AlwaysShowTrayIcon>
    <Mouse>
      <Selection Enabled="True">
        <Button>1</Button>
        <IconClick>0</IconClick>
      </Selection>
      <SingleClickStart>0</SingleClickStart>
      <ScrollMode>1</ScrollMode>
      <WheelScrollLines>3</WheelScrollLines>
    </Mouse>
    <AutoFillColumns>True</AutoFillColumns>
    <AutoSizeColumn>0</AutoSizeColumn>
    <CustomColumnsChangeAllColumns>False</CustomColumnsChangeAllColumns>
    <BriefViewFileExtAligned>False</BriefViewFileExtAligned>
    <DateTimeFormat>dd.MM.yyyy hh:nn:ss</DateTimeFormat>
    <CutTextToColumnWidth>True</CutTextToColumnWidth>
    <ExtendCellWidth>True</ExtendCellWidth>
    <ShowSystemFiles>True</ShowSystemFiles>
    <ListFilesInThread>True</ListFilesInThread>
    <LoadIconsSeparately>True</LoadIconsSeparately>
    <DelayLoadingTabs>True</DelayLoadingTabs>
    <HighlightUpdatedFiles>True</HighlightUpdatedFiles>
    <DriveBlackList/>
    <DriveBlackListUnmounted>False</DriveBlackListUnmounted>
  </Behaviours>
  <Tools>
    <Viewer Enabled="False">
      <Path/>
      <Parameters/>
      <RunInTerminal>False</RunInTerminal>
      <KeepTerminalOpen>False</KeepTerminalOpen>
    </Viewer>
    <Editor Enabled="False">
      <Path/>
      <Parameters/>
      <RunInTerminal>False</RunInTerminal>
      <KeepTerminalOpen>False</KeepTerminalOpen>
    </Editor>
    <Differ Enabled="False">
      <Path/>
      <Parameters/>
      <RunInTerminal>False</RunInTerminal>
      <KeepTerminalOpen>False</KeepTerminalOpen>
      <FramePosAfterComp>0</FramePosAfterComp>
    </Differ>
  </Tools>
  <Fonts>
    <Main>
      <Name>Segoe UI</Name>
      <Size>9</Size>
      <Style>0</Style>
      <Quality>1</Quality>
    </Main>
    <Editor>
      <Name>Courier New</Name>
      <Size>9</Size>
      <Style>0</Style>
      <Quality>0</Quality>
    </Editor>
    <Viewer>
      <Name>Courier New</Name>
      <Size>9</Size>
      <Style>0</Style>
      <Quality>0</Quality>
    </Viewer>
    <OptionsTree>
      <Name>default</Name>
      <Size>10</Size>
      <Style>0</Style>
      <Quality>0</Quality>
    </OptionsTree>
    <OptionsMain>
      <Name>default</Name>
      <Size>10</Size>
      <Style>0</Style>
      <Quality>0</Quality>
    </OptionsMain>
    <SearchResults>
      <Name>default</Name>
      <Size>14</Size>
      <Style>0</Style>
      <Quality>0</Quality>
    </SearchResults>
    <PathEdit>
      <Name>default</Name>
      <Size>8</Size>
      <Style>0</Style>
      <Quality>0</Quality>
    </PathEdit>
    <FunctionButtons>
      <Name>default</Name>
      <Size>8</Size>
      <Style>0</Style>
      <Quality>0</Quality>
    </FunctionButtons>
    <Log>
      <Name>Courier New</Name>
      <Size>9</Size>
      <Style>0</Style>
      <Quality>0</Quality>
    </Log>
    <ViewerBook>
      <Name>default</Name>
      <Size>9</Size>
      <Style>1</Style>
      <Quality>0</Quality>
    </ViewerBook>
    <Console>
      <Name>Courier New</Name>
      <Size>9</Size>
      <Style>0</Style>
      <Quality>0</Quality>
    </Console>
  </Fonts>
  <Colors>
    <UseCursorBorder>True</UseCursorBorder>
    <CursorBorderColor>16711680</CursorBorderColor>
    <UseFrameCursor>False</UseFrameCursor>
    <Foreground>16777215</Foreground>
    <Background>2238503</Background>
    <Background2>3618615</Background2>
    <Cursor>9989407</Cursor>
    <CursorText>16777215</CursorText>
    <Mark>5297653</Mark>
    <InactiveCursor>-2147483645</InactiveCursor>
    <InactiveMark>32896</InactiveMark>
    <UseInvertedSelection>True</UseInvertedSelection>
    <UseInactiveSelColor>False</UseInactiveSelColor>
    <AllowOverColor>True</AllowOverColor>
    <gBorderFrameWidth>1</gBorderFrameWidth>
    <InactivePanelBrightness>100</InactivePanelBrightness>
    <FreeSpaceIndicator>
      <UseGradient>True</UseGradient>
      <ForeColor>0</ForeColor>
      <BackColor>16777215</BackColor>
    </FreeSpaceIndicator>
    <LogWindow>
      <Info>8388608</Info>
      <Error>255</Error>
      <Success>32768</Success>
    </LogWindow>
    <FileFilters>
      <Filter>
        <Name>trailer</Name>
        <FileMasks>&lt;(.*__\d{2}.*_trailer.*|__(sd|hd|3d|)_\d{2}.*\.trailer.*)</FileMasks>
        <Color>2337662</Color>
        <Attributes/>
      </Filter>
      <Filter>
        <Name>video</Name>
        <FileMasks>*.mp4;*.mpg;*.mkv;*.mxf;*.avi;*.mov;*.m4v;*.ts;*.m2ts;*.mpeg</FileMasks>
        <Color>3072679</Color>
        <Attributes/>
      </Filter>
      <Filter>
        <Name>audio</Name>
        <FileMasks>*.ac3;*.flac;*.wav;*.mp3;*.aac;*.mpa;*.m4a</FileMasks>
        <Color>15653222</Color>
        <Attributes/>
      </Filter>
      <Filter>
        <Name>check_gazprom</Name>
        <FileMasks>&gt;check_gazprom</FileMasks>
        <Color>248572</Color>
        <Attributes/>
      </Filter>
      <Filter>
        <Name>check_rostelecom</Name>
        <FileMasks>&gt;check_rostelecom</FileMasks>
        <Color>171459</Color>
        <Attributes/>
      </Filter>
      <Filter>
        <Name>isDirGazprom</Name>
        <FileMasks>&gt;isDirGazprom</FileMasks>
        <Color>248572</Color>
        <Attributes/>
      </Filter>
      <Filter>
        <Name>psd</Name>
        <FileMasks>*.psd</FileMasks>
        <Color>11625727</Color>
        <Attributes/>
      </Filter>
      <Filter>
        <Name>#err</Name>
        <FileMasks>*#err</FileMasks>
        <Color>255</Color>
        <Attributes/>
      </Filter>
      <Filter>
        <Name>isDirRostelecom</Name>
        <FileMasks>&gt;isDirRostelecom</FileMasks>
        <Color>171459</Color>
        <Attributes/>
      </Filter>
    </FileFilters>
  </Colors>
  <ToolTips>
    <ShowToolTipMode>True</ShowToolTipMode>
    <ActualToolTipMode>0</ActualToolTipMode>
    <ToolTipHideTimeOut>0</ToolTipHideTimeOut>
    <CustomFields/>
  </ToolTips>
  <Layout>
    <MainMenu>True</MainMenu>
    <ButtonBar Enabled="True">
      <FlatIcons>True</FlatIcons>
      <ButtonHeight>32</ButtonHeight>
      <IconSize>32</IconSize>
      <ReportErrorWithCommands>False</ReportErrorWithCommands>
    </ButtonBar>
    <DriveBar1>False</DriveBar1>
    <DriveBar2>True</DriveBar2>
    <DriveBarFlat>False</DriveBarFlat>
    <DrivesListButton Enabled="True">
      <ShowLabel>True</ShowLabel>
      <ShowFileSystem>True</ShowFileSystem>
      <ShowFreeSpace>True</ShowFreeSpace>
    </DrivesListButton>
    <SeparateTree>False</SeparateTree>
    <DirectoryTabs>True</DirectoryTabs>
    <CurrentDirectory>True</CurrentDirectory>
    <TabHeader>True</TabHeader>
    <StatusBar>True</StatusBar>
    <CmdLine>False</CmdLine>
    <LogWindow>False</LogWindow>
    <TermWindow>False</TermWindow>
    <KeyButtons>True</KeyButtons>
    <InterfaceFlat>True</InterfaceFlat>
    <DriveFreeSpace>True</DriveFreeSpace>
    <DriveIndicator>True</DriveIndicator>
    <ProgressInMenuBar>False</ProgressInMenuBar>
    <PanelOfOperationsInBackground>True</PanelOfOperationsInBackground>
    <HorizontalFilePanels>False</HorizontalFilePanels>
    <ShortFormatDriveInfo>False</ShortFormatDriveInfo>
  </Layout>
  <FilesViews>
    <Sorting>
      <CaseSensitivity>0</CaseSensitivity>
      <NaturalSorting>False</NaturalSorting>
      <SortFolderMode>0</SortFolderMode>
      <NewFilesPosition>2</NewFilesPosition>
      <UpdatedFilesPosition>2</UpdatedFilesPosition>
    </Sorting>
    <ColumnsView>
      <AutoSaveWidth>True</AutoSaveWidth>
      <TitleStyle>2</TitleStyle>
    </ColumnsView>
    <BriefView>
      <FileExtAligned>False</FileExtAligned>
      <Columns>
        <FixedWidth>100</FixedWidth>
        <FixedCount>2</FixedCount>
        <AutoSize>2</AutoSize>
      </Columns>
    </BriefView>
    <ExtraLineSpan>2</ExtraLineSpan>
    <FolderPrefix>[</FolderPrefix>
    <FolderPostfix>]</FolderPostfix>
  </FilesViews>
  <Keyboard>
    <Typing>
      <Actions>
        <NoModifier>3</NoModifier>
        <Alt>1</Alt>
        <CtrlAlt>0</CtrlAlt>
      </Actions>
    </Typing>
  </Keyboard>
  <FileOperations>
    <BufferSize>524288</BufferSize>
    <HashBufferSize>8388608</HashBufferSize>
    <UseMmapInSearch>False</UseMmapInSearch>
    <PartialNameSearch>True</PartialNameSearch>
    <InitiallyClearFileMask>True</InitiallyClearFileMask>
    <NewSearchClearFiltersAction>0</NewSearchClearFiltersAction>
    <ShowMenuBarInFindFiles>True</ShowMenuBarInFindFiles>
    <WipePassNumber>1</WipePassNumber>
    <DropReadOnlyFlag>False</DropReadOnlyFlag>
    <ProcessComments>False</ProcessComments>
    <RenameSelOnlyName>True</RenameSelOnlyName>
    <ShowCopyTabSelectPanel>True</ShowCopyTabSelectPanel>
    <UseTrash>True</UseTrash>
    <SkipFileOpError>False</SkipFileOpError>
    <TypeOfDuplicatedRename>0</TypeOfDuplicatedRename>
    <ShowDialogOnDragDrop>False</ShowDialogOnDragDrop>
    <DragAndDropTextRichtextDesireLevel>0</DragAndDropTextRichtextDesireLevel>
    <DragAndDropTextHtmlDesireLevel>1</DragAndDropTextHtmlDesireLevel>
    <DragAndDropTextUnicodeDesireLevel>2</DragAndDropTextUnicodeDesireLevel>
    <DragAndDropTextSimpletextDesireLevel>3</DragAndDropTextSimpletextDesireLevel>
    <DragAndDropAskFormatEachTime>False</DragAndDropAskFormatEachTime>
    <DragAndDropTextAutoFilename>False</DragAndDropTextAutoFilename>
    <DragAndDropSaveUnicodeTextInUFT8>True</DragAndDropSaveUnicodeTextInUFT8>
    <NtfsHourTimeDelay>False</NtfsHourTimeDelay>
    <AutoExtractOpenMask/>
    <SearchDefaultTemplate/>
    <ProgressKind>0</ProgressKind>
    <Confirmations>15</Confirmations>
    <Options>
      <Symlink>0</Symlink>
      <CorrectLinks>False</CorrectLinks>
      <FileExists>0</FileExists>
      <DirectoryExists>0</DirectoryExists>
      <SetPropertyError>0</SetPropertyError>
      <ReserveSpace>False</ReserveSpace>
      <CheckFreeSpace>True</CheckFreeSpace>
      <CopyAttributes>True</CopyAttributes>
      <Verify>False</Verify>
      <CopyTime>True</CopyTime>
      <CopyOwnership>False</CopyOwnership>
      <CopyPermissions>False</CopyPermissions>
      <ExcludeEmptyTemplateDirectories>True</ExcludeEmptyTemplateDirectories>
    </Options>
    <Extract>
      <Overwrite>False</Overwrite>
    </Extract>
  </FileOperations>
  <Tabs>
    <Options>49937</Options>
    <CharacterLimit>32</CharacterLimit>
    <Position>0</Position>
    <ActionOnDoubleClick>2</ActionOnDoubleClick>
    <OpenedTabs>
      <Left>
        <ActiveTab>6</ActiveTab>
        <Tab>
          <FileView Type="columns">
            <History>
              <Entry Active="True">
                <FileSource Type="FileSystem"/>
                <Paths>
                  <Path Filename="highlighters">C:\doublecmd\</Path>
                  <Path Filename="_working">C:\</Path>
                  <Path Filename="_planck">C:\_working\</Path>
                  <Path Filename="kiohime (1).json">C:\_working\_planck\</Path>
                  <Path Filename="_godot_projects">C:\_working\</Path>
                  <Path Filename="DISTANT_WORK">C:\</Path>
                  <Path Filename="__kirill">C:\DISTANT_WORK\</Path>
                  <Path Filename="derevo_rodiny_1987">C:\DISTANT_WORK\__kirill\</Path>
                  <Path Filename="google_apple_feed">C:\DISTANT_WORK\__kirill\derevo_rodiny_1987\</Path>
                  <Path Filename="dom_2011">C:\DISTANT_WORK\__kirill\</Path>
                  <Path Filename="google_apple_feed">C:\DISTANT_WORK\__kirill\dom_2011\</Path>
                  <Path Filename="dolya_angelov_2012">C:\DISTANT_WORK\__kirill\</Path>
                  <Path Filename="@out_pak">C:\DISTANT_WORK\</Path>
                  <Path Filename="..">C:\DISTANT_WORK\@out_pak\</Path>
                  <Path Filename="!test">C:\DISTANT_WORK\</Path>
                  <Path Filename="Korol_vorov_2018">C:\DISTANT_WORK\!test\</Path>
                  <Path Filename="Korol_vorov_2018_1920x1080.psd">C:\DISTANT_WORK\!test\Korol_vorov_2018\</Path>
                  <Path Filename="Korol_vorov_2018">C:\DISTANT_WORK\!test\</Path>
                  <Path Filename="Korol_vorov_2018_1080x540.jpg">C:\DISTANT_WORK\!test\Korol_vorov_2018\</Path>
                  <Path Filename="Korol_vorov_2018">C:\DISTANT_WORK\!test\</Path>
                  <Path Filename="!test">C:\DISTANT_WORK\</Path>
                  <Path Filename="..">C:\DISTANT_WORK\!test\</Path>
                  <Path Filename="!test">C:\DISTANT_WORK\</Path>
                  <Path Filename="..">C:\DISTANT_WORK\!test\</Path>
                  <Path Filename="!test">C:\DISTANT_WORK\</Path>
                  <Path Filename="..">C:\DISTANT_WORK\!test\</Path>
                  <Path Filename="_rostelecom">C:\DISTANT_WORK\</Path>
                  <Path Filename="..">C:\DISTANT_WORK\_rostelecom\</Path>
                  <Path Filename="04-thu">C:\DISTANT_WORK\</Path>
                  <Path Filename="..">C:\DISTANT_WORK\04-thu\</Path>
                  <Path Filename="_rostelecom">C:\DISTANT_WORK\</Path>
                  <Path Filename="..">C:\DISTANT_WORK\_rostelecom\</Path>
                  <Path Filename="02-tue">C:\DISTANT_WORK\</Path>
                  <Path Filename="DISTANT_WORK">C:\</Path>
                  <Path Filename="03-wed">C:\DISTANT_WORK\</Path>
                  <Path Filename="">C:\DISTANT_WORK\03-wed\</Path>
                </Paths>
              </Entry>
            </History>
            <ColumnsView>
              <ColumnsSet>Default</ColumnsSet>
            </ColumnsView>
          </FileView>
        </Tab>
        <Tab>
          <FileView Type="columns">
            <History>
              <Entry Active="True">
                <FileSource Type="FileSystem"/>
                <Paths>
                  <Path Filename="">C:\doublecmd\</Path>
                </Paths>
              </Entry>
            </History>
            <ColumnsView>
              <ColumnsSet>Default</ColumnsSet>
            </ColumnsView>
          </FileView>
        </Tab>
        <Tab>
          <FileView Type="columns">
            <History>
              <Entry Active="True">
                <FileSource Type="FileSystem"/>
                <Paths>
                  <Path Filename="kiohime (1).json">C:\_working\_planck\</Path>
                  <Path Filename="_godot_projects">C:\_working\</Path>
                  <Path Filename="DISTANT_WORK">C:\</Path>
                  <Path Filename="__kirill">C:\DISTANT_WORK\</Path>
                  <Path Filename="derevo_rodiny_1987">C:\DISTANT_WORK\__kirill\</Path>
                  <Path Filename="google_apple_feed">C:\DISTANT_WORK\__kirill\derevo_rodiny_1987\</Path>
                  <Path Filename="dom_2011">C:\DISTANT_WORK\__kirill\</Path>
                  <Path Filename="google_apple_feed">C:\DISTANT_WORK\__kirill\dom_2011\</Path>
                  <Path Filename="dolya_angelov_2012">C:\DISTANT_WORK\__kirill\</Path>
                  <Path Filename="@out_pak">C:\DISTANT_WORK\</Path>
                  <Path Filename="..">C:\DISTANT_WORK\@out_pak\</Path>
                  <Path Filename="!test">C:\DISTANT_WORK\</Path>
                  <Path Filename="Korol_vorov_2018">C:\DISTANT_WORK\!test\</Path>
                  <Path Filename="Korol_vorov_2018_1920x1080.psd">C:\DISTANT_WORK\!test\Korol_vorov_2018\</Path>
                  <Path Filename="Korol_vorov_2018">C:\DISTANT_WORK\!test\</Path>
                  <Path Filename="Korol_vorov_2018_1080x540.jpg">C:\DISTANT_WORK\!test\Korol_vorov_2018\</Path>
                  <Path Filename="Korol_vorov_2018">C:\DISTANT_WORK\!test\</Path>
                  <Path Filename="!test">C:\DISTANT_WORK\</Path>
                  <Path Filename="..">C:\DISTANT_WORK\!test\</Path>
                  <Path Filename="!test">C:\DISTANT_WORK\</Path>
                  <Path Filename="..">C:\DISTANT_WORK\!test\</Path>
                  <Path Filename="!test">C:\DISTANT_WORK\</Path>
                  <Path Filename="..">C:\DISTANT_WORK\!test\</Path>
                  <Path Filename="_rostelecom">C:\DISTANT_WORK\</Path>
                  <Path Filename="..">C:\DISTANT_WORK\_rostelecom\</Path>
                  <Path Filename="04-thu">C:\DISTANT_WORK\</Path>
                  <Path Filename="..">C:\DISTANT_WORK\04-thu\</Path>
                  <Path Filename="_rostelecom">C:\DISTANT_WORK\</Path>
                  <Path Filename="..">C:\DISTANT_WORK\_rostelecom\</Path>
                  <Path Filename="02-tue">C:\DISTANT_WORK\</Path>
                  <Path Filename="DISTANT_WORK">C:\</Path>
                  <Path Filename="03-wed">C:\DISTANT_WORK\</Path>
                  <Path Filename="..">C:\DISTANT_WORK\03-wed\</Path>
                  <Path Filename="03-wed">C:\DISTANT_WORK\</Path>
                  <Path Filename="Users">C:\</Path>
                  <Path Filename="park-">C:\Users\</Path>
                  <Path Filename="go">C:\Users\park-\</Path>
                  <Path Filename="src">C:\Users\park-\go\</Path>
                  <Path Filename="github.com">C:\Users\park-\go\src\</Path>
                  <Path Filename="kiohime">C:\Users\park-\go\src\github.com\</Path>
                  <Path Filename="lesson">C:\Users\park-\go\src\github.com\kiohime\</Path>
                  <Path Filename="filefind">C:\Users\park-\go\src\github.com\kiohime\lesson\</Path>
                  <Path Filename="filefind_gui">C:\Users\park-\go\src\github.com\kiohime\lesson\filefind\</Path>
                  <Path Filename="filefind_gui.exe">C:\Users\park-\go\src\github.com\kiohime\lesson\filefind\filefind_gui\</Path>
                  <Path Filename="filefind_cli">C:\Users\park-\go\src\github.com\kiohime\lesson\filefind\</Path>
                  <Path Filename="filefind">C:\Users\park-\go\src\github.com\kiohime\lesson\</Path>
                  <Path Filename="..">C:\Users\park-\go\src\github.com\kiohime\lesson\filefind\</Path>
                  <Path Filename="filefind">C:\Users\park-\go\src\github.com\kiohime\lesson\</Path>
                  <Path Filename="filefind_cli">C:\Users\park-\go\src\github.com\kiohime\lesson\filefind\</Path>
                  <Path Filename="">C:\Users\park-\go\src\github.com\kiohime\lesson\filefind\filefind_cli\</Path>
                </Paths>
              </Entry>
            </History>
            <ColumnsView>
              <ColumnsSet>Default</ColumnsSet>
            </ColumnsView>
          </FileView>
        </Tab>
        <Tab>
          <FileView Type="columns">
            <History>
              <Entry Active="True">
                <FileSource Type="FileSystem"/>
                <Paths>
                  <Path Filename="dom_2011">C:\DISTANT_WORK\__kirill\</Path>
                  <Path Filename="google_apple_feed">C:\DISTANT_WORK\__kirill\dom_2011\</Path>
                  <Path Filename="dolya_angelov_2012">C:\DISTANT_WORK\__kirill\</Path>
                  <Path Filename="@out_pak">C:\DISTANT_WORK\</Path>
                  <Path Filename="..">C:\DISTANT_WORK\@out_pak\</Path>
                  <Path Filename="!test">C:\DISTANT_WORK\</Path>
                  <Path Filename="Korol_vorov_2018">C:\DISTANT_WORK\!test\</Path>
                  <Path Filename="Korol_vorov_2018_1920x1080.psd">C:\DISTANT_WORK\!test\Korol_vorov_2018\</Path>
                  <Path Filename="Korol_vorov_2018">C:\DISTANT_WORK\!test\</Path>
                  <Path Filename="Korol_vorov_2018_1080x540.jpg">C:\DISTANT_WORK\!test\Korol_vorov_2018\</Path>
                  <Path Filename="Korol_vorov_2018">C:\DISTANT_WORK\!test\</Path>
                  <Path Filename="!test">C:\DISTANT_WORK\</Path>
                  <Path Filename="..">C:\DISTANT_WORK\!test\</Path>
                  <Path Filename="!test">C:\DISTANT_WORK\</Path>
                  <Path Filename="..">C:\DISTANT_WORK\!test\</Path>
                  <Path Filename="!test">C:\DISTANT_WORK\</Path>
                  <Path Filename="..">C:\DISTANT_WORK\!test\</Path>
                  <Path Filename="_rostelecom">C:\DISTANT_WORK\</Path>
                  <Path Filename="..">C:\DISTANT_WORK\_rostelecom\</Path>
                  <Path Filename="04-thu">C:\DISTANT_WORK\</Path>
                  <Path Filename="..">C:\DISTANT_WORK\04-thu\</Path>
                  <Path Filename="_rostelecom">C:\DISTANT_WORK\</Path>
                  <Path Filename="..">C:\DISTANT_WORK\_rostelecom\</Path>
                  <Path Filename="02-tue">C:\DISTANT_WORK\</Path>
                  <Path Filename="DISTANT_WORK">C:\</Path>
                  <Path Filename="03-wed">C:\DISTANT_WORK\</Path>
                  <Path Filename="..">C:\DISTANT_WORK\03-wed\</Path>
                  <Path Filename="03-wed">C:\DISTANT_WORK\</Path>
                  <Path Filename="Users">C:\</Path>
                  <Path Filename="park-">C:\Users\</Path>
                  <Path Filename="go">C:\Users\park-\</Path>
                  <Path Filename="src">C:\Users\park-\go\</Path>
                  <Path Filename="github.com">C:\Users\park-\go\src\</Path>
                  <Path Filename="kiohime">C:\Users\park-\go\src\github.com\</Path>
                  <Path Filename="lesson">C:\Users\park-\go\src\github.com\kiohime\</Path>
                  <Path Filename="filefind">C:\Users\park-\go\src\github.com\kiohime\lesson\</Path>
                  <Path Filename="filefind_gui">C:\Users\park-\go\src\github.com\kiohime\lesson\filefind\</Path>
                  <Path Filename="filefind_gui.exe">C:\Users\park-\go\src\github.com\kiohime\lesson\filefind\filefind_gui\</Path>
                  <Path Filename="filefind_cli">C:\Users\park-\go\src\github.com\kiohime\lesson\filefind\</Path>
                  <Path Filename="filefind">C:\Users\park-\go\src\github.com\kiohime\lesson\</Path>
                  <Path Filename="..">C:\Users\park-\go\src\github.com\kiohime\lesson\filefind\</Path>
                  <Path Filename="filefind">C:\Users\park-\go\src\github.com\kiohime\lesson\</Path>
                  <Path Filename="filefind_cli">C:\Users\park-\go\src\github.com\kiohime\lesson\filefind\</Path>
                  <Path Filename="main.go">C:\Users\park-\go\src\github.com\kiohime\lesson\filefind\filefind_cli\</Path>
                  <Path Filename="walk.go">C:\Users\park-\go\src\github.com\kiohime\lesson\filefind\</Path>
                  <Path Filename="filefind">C:\Users\park-\go\src\github.com\kiohime\lesson\</Path>
                  <Path Filename="..">C:\Users\park-\go\src\github.com\kiohime\lesson\filefind\</Path>
                  <Path Filename="filefind">C:\Users\park-\go\src\github.com\kiohime\lesson\</Path>
                  <Path Filename="lesson">C:\Users\park-\go\src\github.com\kiohime\</Path>
                  <Path Filename="..">C:\Users\park-\go\src\github.com\kiohime\lesson\</Path>
                </Paths>
              </Entry>
            </History>
            <ColumnsView>
              <ColumnsSet>Default</ColumnsSet>
            </ColumnsView>
          </FileView>
        </Tab>
        <Tab>
          <FileView Type="columns">
            <History>
              <Entry Active="True">
                <FileSource Type="FileSystem"/>
                <Paths>
                  <Path Filename="!test">C:\DISTANT_WORK\</Path>
                  <Path Filename="..">C:\DISTANT_WORK\!test\</Path>
                  <Path Filename="!test">C:\DISTANT_WORK\</Path>
                  <Path Filename="..">C:\DISTANT_WORK\!test\</Path>
                  <Path Filename="_rostelecom">C:\DISTANT_WORK\</Path>
                  <Path Filename="..">C:\DISTANT_WORK\_rostelecom\</Path>
                  <Path Filename="04-thu">C:\DISTANT_WORK\</Path>
                  <Path Filename="..">C:\DISTANT_WORK\04-thu\</Path>
                  <Path Filename="_rostelecom">C:\DISTANT_WORK\</Path>
                  <Path Filename="..">C:\DISTANT_WORK\_rostelecom\</Path>
                  <Path Filename="02-tue">C:\DISTANT_WORK\</Path>
                  <Path Filename="DISTANT_WORK">C:\</Path>
                  <Path Filename="03-wed">C:\DISTANT_WORK\</Path>
                  <Path Filename="..">C:\DISTANT_WORK\03-wed\</Path>
                  <Path Filename="03-wed">C:\DISTANT_WORK\</Path>
                  <Path Filename="Users">C:\</Path>
                  <Path Filename="park-">C:\Users\</Path>
                  <Path Filename="go">C:\Users\park-\</Path>
                  <Path Filename="src">C:\Users\park-\go\</Path>
                  <Path Filename="github.com">C:\Users\park-\go\src\</Path>
                  <Path Filename="kiohime">C:\Users\park-\go\src\github.com\</Path>
                  <Path Filename="lesson">C:\Users\park-\go\src\github.com\kiohime\</Path>
                  <Path Filename="filefind">C:\Users\park-\go\src\github.com\kiohime\lesson\</Path>
                  <Path Filename="filefind_gui">C:\Users\park-\go\src\github.com\kiohime\lesson\filefind\</Path>
                  <Path Filename="filefind_gui.exe">C:\Users\park-\go\src\github.com\kiohime\lesson\filefind\filefind_gui\</Path>
                  <Path Filename="filefind_cli">C:\Users\park-\go\src\github.com\kiohime\lesson\filefind\</Path>
                  <Path Filename="filefind">C:\Users\park-\go\src\github.com\kiohime\lesson\</Path>
                  <Path Filename="..">C:\Users\park-\go\src\github.com\kiohime\lesson\filefind\</Path>
                  <Path Filename="filefind">C:\Users\park-\go\src\github.com\kiohime\lesson\</Path>
                  <Path Filename="filefind_cli">C:\Users\park-\go\src\github.com\kiohime\lesson\filefind\</Path>
                  <Path Filename="main.go">C:\Users\park-\go\src\github.com\kiohime\lesson\filefind\filefind_cli\</Path>
                  <Path Filename="walk.go">C:\Users\park-\go\src\github.com\kiohime\lesson\filefind\</Path>
                  <Path Filename="filefind">C:\Users\park-\go\src\github.com\kiohime\lesson\</Path>
                  <Path Filename="..">C:\Users\park-\go\src\github.com\kiohime\lesson\filefind\</Path>
                  <Path Filename="filefind">C:\Users\park-\go\src\github.com\kiohime\lesson\</Path>
                  <Path Filename="lesson">C:\Users\park-\go\src\github.com\kiohime\</Path>
                  <Path Filename="..">C:\Users\park-\go\src\github.com\kiohime\lesson\</Path>
                  <Path Filename="lesson">C:\Users\park-\go\src\github.com\kiohime\</Path>
                  <Path Filename="kiohime">C:\Users\park-\go\src\github.com\</Path>
                  <Path Filename="github.com">C:\Users\park-\go\src\</Path>
                  <Path Filename="src">C:\Users\park-\go\</Path>
                  <Path Filename="go">C:\Users\park-\</Path>
                  <Path Filename="park-">C:\Users\</Path>
                  <Path Filename="DISTANT_WORK">C:\</Path>
                  <Path Filename="02-tue">C:\DISTANT_WORK\</Path>
                  <Path Filename="_amedia">C:\DISTANT_WORK\02-tue\</Path>
                  <Path Filename="Instinkt_s02_2019__hd_amed">C:\DISTANT_WORK\02-tue\_amedia\</Path>
                  <Path Filename="Instinkt_s02_07_2019__hd_amed_525-300.poster.jpg">C:\DISTANT_WORK\02-tue\_amedia\Instinkt_s02_2019__hd_amed\</Path>
                  <Path Filename="Instinkt_s02_2019__hd_amed">C:\DISTANT_WORK\02-tue\_amedia\</Path>
                  <Path Filename="Instinkt_s02_04_2019__hd_1620-996.poster.jpg">C:\DISTANT_WORK\02-tue\_amedia\Instinkt_s02_2019__hd_amed\</Path>
                </Paths>
              </Entry>
            </History>
            <ColumnsView>
              <ColumnsSet>Default</ColumnsSet>
            </ColumnsView>
          </FileView>
        </Tab>
        <Tab>
          <FileView Type="columns">
            <History>
              <Entry Active="True">
                <FileSource Type="FileSystem"/>
                <Paths>
                  <Path Filename="!test">C:\DISTANT_WORK\</Path>
                  <Path Filename="..">C:\DISTANT_WORK\!test\</Path>
                  <Path Filename="!test">C:\DISTANT_WORK\</Path>
                  <Path Filename="..">C:\DISTANT_WORK\!test\</Path>
                  <Path Filename="_rostelecom">C:\DISTANT_WORK\</Path>
                  <Path Filename="..">C:\DISTANT_WORK\_rostelecom\</Path>
                  <Path Filename="04-thu">C:\DISTANT_WORK\</Path>
                  <Path Filename="..">C:\DISTANT_WORK\04-thu\</Path>
                  <Path Filename="_rostelecom">C:\DISTANT_WORK\</Path>
                  <Path Filename="..">C:\DISTANT_WORK\_rostelecom\</Path>
                  <Path Filename="02-tue">C:\DISTANT_WORK\</Path>
                  <Path Filename="DISTANT_WORK">C:\</Path>
                  <Path Filename="03-wed">C:\DISTANT_WORK\</Path>
                  <Path Filename="..">C:\DISTANT_WORK\03-wed\</Path>
                  <Path Filename="03-wed">C:\DISTANT_WORK\</Path>
                  <Path Filename="Users">C:\</Path>
                  <Path Filename="park-">C:\Users\</Path>
                  <Path Filename="go">C:\Users\park-\</Path>
                  <Path Filename="src">C:\Users\park-\go\</Path>
                  <Path Filename="github.com">C:\Users\park-\go\src\</Path>
                  <Path Filename="kiohime">C:\Users\park-\go\src\github.com\</Path>
                  <Path Filename="lesson">C:\Users\park-\go\src\github.com\kiohime\</Path>
                  <Path Filename="filefind">C:\Users\park-\go\src\github.com\kiohime\lesson\</Path>
                  <Path Filename="filefind_gui">C:\Users\park-\go\src\github.com\kiohime\lesson\filefind\</Path>
                  <Path Filename="filefind_gui.exe">C:\Users\park-\go\src\github.com\kiohime\lesson\filefind\filefind_gui\</Path>
                  <Path Filename="filefind_cli">C:\Users\park-\go\src\github.com\kiohime\lesson\filefind\</Path>
                  <Path Filename="filefind">C:\Users\park-\go\src\github.com\kiohime\lesson\</Path>
                  <Path Filename="..">C:\Users\park-\go\src\github.com\kiohime\lesson\filefind\</Path>
                  <Path Filename="filefind">C:\Users\park-\go\src\github.com\kiohime\lesson\</Path>
                  <Path Filename="filefind_cli">C:\Users\park-\go\src\github.com\kiohime\lesson\filefind\</Path>
                  <Path Filename="main.go">C:\Users\park-\go\src\github.com\kiohime\lesson\filefind\filefind_cli\</Path>
                  <Path Filename="walk.go">C:\Users\park-\go\src\github.com\kiohime\lesson\filefind\</Path>
                  <Path Filename="filefind">C:\Users\park-\go\src\github.com\kiohime\lesson\</Path>
                  <Path Filename="..">C:\Users\park-\go\src\github.com\kiohime\lesson\filefind\</Path>
                  <Path Filename="filefind">C:\Users\park-\go\src\github.com\kiohime\lesson\</Path>
                  <Path Filename="lesson">C:\Users\park-\go\src\github.com\kiohime\</Path>
                  <Path Filename="..">C:\Users\park-\go\src\github.com\kiohime\lesson\</Path>
                  <Path Filename="lesson">C:\Users\park-\go\src\github.com\kiohime\</Path>
                  <Path Filename="kiohime">C:\Users\park-\go\src\github.com\</Path>
                  <Path Filename="github.com">C:\Users\park-\go\src\</Path>
                  <Path Filename="src">C:\Users\park-\go\</Path>
                  <Path Filename="go">C:\Users\park-\</Path>
                  <Path Filename="park-">C:\Users\</Path>
                  <Path Filename="DISTANT_WORK">C:\</Path>
                  <Path Filename="02-tue">C:\DISTANT_WORK\</Path>
                  <Path Filename="_amedia">C:\DISTANT_WORK\02-tue\</Path>
                  <Path Filename="Instinkt_s02_2019__hd_amed">C:\DISTANT_WORK\02-tue\_amedia\</Path>
                  <Path Filename="Instinkt_s02_07_2019__hd_amed_525-300.poster.jpg">C:\DISTANT_WORK\02-tue\_amedia\Instinkt_s02_2019__hd_amed\</Path>
                  <Path Filename="Instinkt_s02_2019__hd_amed">C:\DISTANT_WORK\02-tue\_amedia\</Path>
                  <Path Filename="Instinkt_s02_05_2019__hd_amed_525-300.poster.jpg">C:\DISTANT_WORK\02-tue\_amedia\Instinkt_s02_2019__hd_amed\</Path>
                </Paths>
              </Entry>
            </History>
            <ColumnsView>
              <ColumnsSet>Default</ColumnsSet>
            </ColumnsView>
          </FileView>
        </Tab>
        <Tab>
          <FileView Type="columns">
            <History>
              <Entry Active="True">
                <FileSource Type="FileSystem"/>
                <Paths>
                  <Path Filename="..">C:\DISTANT_WORK\!test\</Path>
                  <Path Filename="_rostelecom">C:\DISTANT_WORK\</Path>
                  <Path Filename="..">C:\DISTANT_WORK\_rostelecom\</Path>
                  <Path Filename="04-thu">C:\DISTANT_WORK\</Path>
                  <Path Filename="..">C:\DISTANT_WORK\04-thu\</Path>
                  <Path Filename="_rostelecom">C:\DISTANT_WORK\</Path>
                  <Path Filename="..">C:\DISTANT_WORK\_rostelecom\</Path>
                  <Path Filename="02-tue">C:\DISTANT_WORK\</Path>
                  <Path Filename="DISTANT_WORK">C:\</Path>
                  <Path Filename="03-wed">C:\DISTANT_WORK\</Path>
                  <Path Filename="..">C:\DISTANT_WORK\03-wed\</Path>
                  <Path Filename="03-wed">C:\DISTANT_WORK\</Path>
                  <Path Filename="Users">C:\</Path>
                  <Path Filename="park-">C:\Users\</Path>
                  <Path Filename="go">C:\Users\park-\</Path>
                  <Path Filename="src">C:\Users\park-\go\</Path>
                  <Path Filename="github.com">C:\Users\park-\go\src\</Path>
                  <Path Filename="kiohime">C:\Users\park-\go\src\github.com\</Path>
                  <Path Filename="lesson">C:\Users\park-\go\src\github.com\kiohime\</Path>
                  <Path Filename="filefind">C:\Users\park-\go\src\github.com\kiohime\lesson\</Path>
                  <Path Filename="filefind_gui">C:\Users\park-\go\src\github.com\kiohime\lesson\filefind\</Path>
                  <Path Filename="filefind_gui.exe">C:\Users\park-\go\src\github.com\kiohime\lesson\filefind\filefind_gui\</Path>
                  <Path Filename="filefind_cli">C:\Users\park-\go\src\github.com\kiohime\lesson\filefind\</Path>
                  <Path Filename="filefind">C:\Users\park-\go\src\github.com\kiohime\lesson\</Path>
                  <Path Filename="..">C:\Users\park-\go\src\github.com\kiohime\lesson\filefind\</Path>
                  <Path Filename="filefind">C:\Users\park-\go\src\github.com\kiohime\lesson\</Path>
                  <Path Filename="filefind_cli">C:\Users\park-\go\src\github.com\kiohime\lesson\filefind\</Path>
                  <Path Filename="main.go">C:\Users\park-\go\src\github.com\kiohime\lesson\filefind\filefind_cli\</Path>
                  <Path Filename="walk.go">C:\Users\park-\go\src\github.com\kiohime\lesson\filefind\</Path>
                  <Path Filename="filefind">C:\Users\park-\go\src\github.com\kiohime\lesson\</Path>
                  <Path Filename="..">C:\Users\park-\go\src\github.com\kiohime\lesson\filefind\</Path>
                  <Path Filename="filefind">C:\Users\park-\go\src\github.com\kiohime\lesson\</Path>
                  <Path Filename="lesson">C:\Users\park-\go\src\github.com\kiohime\</Path>
                  <Path Filename="..">C:\Users\park-\go\src\github.com\kiohime\lesson\</Path>
                  <Path Filename="lesson">C:\Users\park-\go\src\github.com\kiohime\</Path>
                  <Path Filename="kiohime">C:\Users\park-\go\src\github.com\</Path>
                  <Path Filename="github.com">C:\Users\park-\go\src\</Path>
                  <Path Filename="src">C:\Users\park-\go\</Path>
                  <Path Filename="go">C:\Users\park-\</Path>
                  <Path Filename="park-">C:\Users\</Path>
                  <Path Filename="DISTANT_WORK">C:\</Path>
                  <Path Filename="02-tue">C:\DISTANT_WORK\</Path>
                  <Path Filename="_amedia">C:\DISTANT_WORK\02-tue\</Path>
                  <Path Filename="Instinkt_s02_2019__hd_amed">C:\DISTANT_WORK\02-tue\_amedia\</Path>
                  <Path Filename="Instinkt_s02_07_2019__hd_amed_525-300.poster.jpg">C:\DISTANT_WORK\02-tue\_amedia\Instinkt_s02_2019__hd_amed\</Path>
                  <Path Filename="Instinkt_s02_2019__hd_amed">C:\DISTANT_WORK\02-tue\_amedia\</Path>
                  <Path Filename="Instinkt_s02_05_2019__hd_amed_525-300.poster.jpg">C:\DISTANT_WORK\02-tue\_amedia\Instinkt_s02_2019__hd_amed\</Path>
                  <Path Filename="Instinkt_s02_2019__hd_amed">C:\DISTANT_WORK\02-tue\_amedia\</Path>
                  <Path Filename="_amedia">C:\DISTANT_WORK\02-tue\</Path>
                  <Path Filename="02-tue">C:\DISTANT_WORK\</Path>
                </Paths>
              </Entry>
            </History>
            <ColumnsView>
              <ColumnsSet>Default</ColumnsSet>
            </ColumnsView>
          </FileView>
        </Tab>
      </Left>
      <Right>
        <ActiveTab>1</ActiveTab>
        <Tab>
          <FileView Type="columns">
            <Sortings>
              <Sorting>
                <Direction>2</Direction>
                <Function>7</Function>
              </Sorting>
            </Sortings>
            <History>
              <Entry Active="True">
                <FileSource Type="FileSystem"/>
                <Paths>
                  <Path Filename="..">C:\doublecmd\</Path>
                  <Path Filename="doublecmd">C:\</Path>
                  <Path Filename="pixmaps">C:\doublecmd\</Path>
                  <Path Filename="..">C:\doublecmd\pixmaps\</Path>
                  <Path Filename="pixmaps">C:\doublecmd\</Path>
                  <Path Filename="doublecmd">C:\</Path>
                  <Path Filename="highlighters">C:\doublecmd\</Path>
                  <Path Filename="..">C:\doublecmd\highlighters\</Path>
                  <Path Filename="doc">C:\doublecmd\</Path>
                  <Path Filename="..">C:\doublecmd\doc\</Path>
                  <Path Filename="plugins">C:\doublecmd\</Path>
                  <Path Filename="..">C:\doublecmd\plugins\</Path>
                  <Path Filename="utilites">C:\doublecmd\</Path>
                  <Path Filename="Icons">C:\doublecmd\utilites\</Path>
                  <Path Filename="plugins">C:\doublecmd\</Path>
                  <Path Filename="..">C:\doublecmd\plugins\</Path>
                  <Path Filename="utilites">C:\doublecmd\</Path>
                  <Path Filename="icons">C:\doublecmd\utilites\</Path>
                  <Path Filename="utilites">C:\doublecmd\</Path>
                  <Path Filename="icons">C:\doublecmd\utilites\</Path>
                  <Path Filename="Write.ico">C:\doublecmd\utilites\icons\</Path>
                  <Path Filename="icandy">C:\doublecmd\utilites\</Path>
                  <Path Filename="..">C:\doublecmd\utilites\icandy\</Path>
                  <Path Filename="icons">C:\doublecmd\utilites\</Path>
                  <Path Filename="icandy">C:\doublecmd\utilites\icons\</Path>
                  <Path Filename="..">C:\doublecmd\utilites\icons\icandy\</Path>
                  <Path Filename="icandy">C:\doublecmd\utilites\icons\</Path>
                  <Path Filename="icons">C:\doublecmd\utilites\</Path>
                  <Path Filename="icomic">C:\doublecmd\utilites\icons\</Path>
                  <Path Filename="web.ico">C:\doublecmd\utilites\icons\icomic\</Path>
                  <Path Filename="icomic">C:\doublecmd\utilites\icons\</Path>
                </Paths>
              </Entry>
            </History>
            <ColumnsView>
              <ColumnsSet>Default</ColumnsSet>
            </ColumnsView>
          </FileView>
        </Tab>
        <Tab>
          <FileView Type="columns">
            <History>
              <Entry>
                <FileSource Type="FileSystem"/>
                <Paths>
                  <Path Filename="plugins">C:\doublecmd\</Path>
                  <Path Filename="Korol_vorov_2018_600x600.psd">C:\DISTANT_WORK\!test\Korol_vorov_2018\</Path>
                  <Path Filename="Korol_vorov_2018">C:\DISTANT_WORK\!test\</Path>
                  <Path Filename="..">C:\DISTANT_WORK\!test\Korol_vorov_2018\</Path>
                  <Path Filename="Korol_vorov_2018">C:\DISTANT_WORK\!test\</Path>
                  <Path Filename="!test">C:\DISTANT_WORK\</Path>
                  <Path Filename="Korol_vorov_2018">C:\DISTANT_WORK\!test\</Path>
                  <Path Filename="Korol_vorov_2018_1080x540.jpg">C:\DISTANT_WORK\!test\Korol_vorov_2018\</Path>
                  <Path Filename="Korol_vorov_2018">C:\DISTANT_WORK\!test\</Path>
                  <Path Filename="Korol_vorov_2018_1080x540.psd">C:\DISTANT_WORK\!test\Korol_vorov_2018\</Path>
                  <Path Filename="Korol_vorov_2018">C:\DISTANT_WORK\!test\</Path>
                  <Path Filename="Korol_vorov_2018_1920x1080.jpg">C:\DISTANT_WORK\!test\Korol_vorov_2018\</Path>
                  <Path Filename="Korol_vorov_2018">C:\DISTANT_WORK\!test\</Path>
                  <Path Filename="Korol_vorov_2018_1920x1080.psd">C:\DISTANT_WORK\!test\Korol_vorov_2018\</Path>
                  <Path Filename="Korol_vorov_2018">C:\DISTANT_WORK\!test\</Path>
                  <Path Filename="..">C:\DISTANT_WORK\!test\Korol_vorov_2018\</Path>
                  <Path Filename="">C:\DISTANT_WORK\!test\</Path>
                </Paths>
              </Entry>
              <Entry Active="True">
                <FileSource Type="FileSystem"/>
                <Paths>
                  <Path Filename="_prior">C:\DISTANT_WORK\_gazprom\</Path>
                  <Path Filename="1260x400.psd">C:\DISTANT_WORK\_gazprom\_prior\</Path>
                  <Path Filename="Kamilla_klodel_1915_2013">C:\DISTANT_WORK\_gazprom\</Path>
                  <Path Filename="..">C:\DISTANT_WORK\_gazprom\Kamilla_klodel_1915_2013\</Path>
                  <Path Filename="Kamilla_klodel_1915_2013">C:\DISTANT_WORK\_gazprom\</Path>
                </Paths>
              </Entry>
            </History>
            <ColumnsView>
              <ColumnsSet>Default</ColumnsSet>
            </ColumnsView>
          </FileView>
        </Tab>
        <Tab>
          <FileView Type="columns">
            <History>
              <Entry Active="True">
                <FileSource Type="FileSystem"/>
                <Paths>
                  <Path Filename="plugins">C:\doublecmd\</Path>
                  <Path Filename="Korol_vorov_2018_600x600.psd">C:\DISTANT_WORK\!test\Korol_vorov_2018\</Path>
                  <Path Filename="Korol_vorov_2018">C:\DISTANT_WORK\!test\</Path>
                  <Path Filename="Korol_vorov_2018_1920x1080.psd">C:\DISTANT_WORK\!test\Korol_vorov_2018\</Path>
                  <Path Filename="Korol_vorov_2018">C:\DISTANT_WORK\!test\</Path>
                  <Path Filename="!test">C:\DISTANT_WORK\</Path>
                  <Path Filename="totalcmd">C:\</Path>
                  <Path Filename="plugins">C:\totalcmd\</Path>
                  <Path Filename="sftpplug">C:\totalcmd\plugins\</Path>
                  <Path Filename="64">C:\totalcmd\plugins\sftpplug\</Path>
                  <Path Filename="..">C:\totalcmd\plugins\sftpplug\64\</Path>
                  <Path Filename="64">C:\totalcmd\plugins\sftpplug\</Path>
                  <Path Filename="sftpplug">C:\totalcmd\plugins\</Path>
                  <Path Filename="tools">C:\totalcmd\</Path>
                  <Path Filename="bin">C:\totalcmd\tools\</Path>
                  <Path Filename="..">C:\totalcmd\tools\bin\</Path>
                  <Path Filename="bin">C:\totalcmd\tools\</Path>
                  <Path Filename="ffprobe.exe">C:\totalcmd\tools\bin\</Path>
                  <Path Filename="environment.exe">C:\totalcmd\tools\</Path>
                </Paths>
              </Entry>
            </History>
            <ColumnsView>
              <ColumnsSet>Default</ColumnsSet>
            </ColumnsView>
          </FileView>
        </Tab>
      </Right>
    </OpenedTabs>
  </Tabs>
  <Log Enabled="False" LogFileWithDateInName="False">
    <FileName>%DC_CONFIG_PATH%\doublecmd.log</FileName>
    <Options>1023</Options>
  </Log>
  <History>
    <SearchReplaceHistory Save="True"/>
    <DirHistory Save="True"/>
    <CmdLineHistory Save="True"/>
    <FileMaskHistory Save="True"/>
  </History>
  <QuickSearch>
    <MatchBeginning>False</MatchBeginning>
    <MatchEnding>False</MatchEnding>
    <Case>1</Case>
    <Items>2</Items>
  </QuickSearch>
  <QuickFilter>
    <AutoHide>True</AutoHide>
    <SaveSessionModifications>True</SaveSessionModifications>
  </QuickFilter>
  <Miscellaneous>
    <GridVertLine>False</GridVertLine>
    <GridHorzLine>False</GridHorzLine>
    <ShowWarningMessages>True</ShowWarningMessages>
    <SpaceMovesDown>False</SpaceMovesDown>
    <DirBrackets>True</DirBrackets>
    <InplaceRename>False</InplaceRename>
    <InplaceRenameButton>False</InplaceRenameButton>
    <DblClickToParent>False</DblClickToParent>
    <HotDirAddTargetOrNot>False</HotDirAddTargetOrNot>
    <HotDirFullExpandOrNot>False</HotDirFullExpandOrNot>
    <ShowPathInPopup>False</ShowPathInPopup>
    <ShowOnlyValidEnv>True</ShowOnlyValidEnv>
    <WhereToAddNewHotDir>2</WhereToAddNewHotDir>
  </Miscellaneous>
  <Thumbnails Save="True">
    <Width>128</Width>
    <Height>128</Height>
  </Thumbnails>
  <Description>
    <CreateNewUnicode>True</CreateNewUnicode>
    <DefaultEncoding>2</DefaultEncoding>
    <CreateNewEncoding>3</CreateNewEncoding>
  </Description>
  <AutoRefresh>
    <Options>3</Options>
    <ExcludeDirs/>
    <Mode>1</Mode>
  </AutoRefresh>
  <Icons>
    <Theme>dctheme</Theme>
    <ShowHiddenDimmed>False</ShowHiddenDimmed>
    <ShowMode>3</ShowMode>
    <ShowOverlays>False</ShowOverlays>
    <Size>16</Size>
    <DiskSize>16</DiskSize>
    <DiskAlpha>50</DiskAlpha>
    <Exclude>False</Exclude>
    <ExcludeDirs/>
    <CustomIcons>0</CustomIcons>
    <PixelsPerInch>96</PixelsPerInch>
    <ShowInMenus Enabled="True">
      <Size>16</Size>
    </ShowInMenus>
    <ShowButtonGlyphs>0</ShowButtonGlyphs>
  </Icons>
  <IgnoreList Enabled="False">
    <IgnoreListFile>%DC_CONFIG_PATH%\ignorelist.txt</IgnoreListFile>
  </IgnoreList>
  <DirectoryHotList/>
  <Viewer>
    <PreviewVisible>False</PreviewVisible>
    <ImageStretch>False</ImageStretch>
    <ImageExifRotate>True</ImageExifRotate>
    <ImageStretchLargeOnly>False</ImageStretchLargeOnly>
    <ImageCenter>True</ImageCenter>
    <CopyMovePath1/>
    <CopyMovePath2/>
    <CopyMovePath3/>
    <CopyMovePath4/>
    <CopyMovePath5/>
    <PaintMode>0</PaintMode>
    <PaintWidth>5</PaintWidth>
    <NumberOfColumns>1</NumberOfColumns>
    <TabSpaces>8</TabSpaces>
    <MaxTextWidth>1024</MaxTextWidth>
    <ViewerMode>1</ViewerMode>
    <PaintColor>255</PaintColor>
    <BackgroundColor>0</BackgroundColor>
    <FontColor>16777215</FontColor>
    <TextPosition>0</TextPosition>
  </Viewer>
  <Editor>
    <EditWaitTime>2000</EditWaitTime>
    <SynEditOptions>856075</SynEditOptions>
    <SynEditTabWidth>8</SynEditTabWidth>
  </Editor>
  <Differ>
    <Colors>
      <Added>11206570</Added>
      <Deleted>11184895</Deleted>
      <Modified>16755370</Modified>
    </Colors>
  </Differ>
  <SyncDirs>
    <Subdirs>False</Subdirs>
    <ByContent>False</ByContent>
    <Asymmetric Save="False">False</Asymmetric>
    <IgnoreDate>False</IgnoreDate>
    <FilterCopyRight>True</FilterCopyRight>
    <FilterEqual>True</FilterEqual>
    <FilterNotEqual>True</FilterNotEqual>
    <FilterCopyLeft>True</FilterCopyLeft>
    <FilterDuplicates>True</FilterDuplicates>
    <FilterSingles>True</FilterSingles>
    <FileMask>*</FileMask>
  </SyncDirs>
  <InternalAssociations>
    <OfferToAddNewFileType>False</OfferToAddNewFileType>
    <LastCustomAction>Custom action</LastCustomAction>
    <ExpandedContextMenu>False</ExpandedContextMenu>
    <ExecuteViaShell>False</ExecuteViaShell>
    <OpenSystemWithTerminalClose>False</OpenSystemWithTerminalClose>
    <OpenSystemWithTerminalStayOpen>False</OpenSystemWithTerminalStayOpen>
    <IncludeFileAssociation>False</IncludeFileAssociation>
  </InternalAssociations>
  <TreeViewMenu>
    <UseTVMDirectoryHotlistFMC>False</UseTVMDirectoryHotlistFMC>
    <UseTVMDirectoryHotlistFDC>False</UseTVMDirectoryHotlistFDC>
    <UseTVMFavoriteTabsFMC>False</UseTVMFavoriteTabsFMC>
    <UseTVMFavoriteTabsFDC>False</UseTVMFavoriteTabsFDC>
    <UseTVMDirHistory>False</UseTVMDirHistory>
    <UseTVMViewHistory>False</UseTVMViewHistory>
    <UseTVMCommandLineHistory>False</UseTVMCommandLineHistory>
    <TreeViewMenuShortcutExit>True</TreeViewMenuShortcutExit>
    <TreeViewMenuSingleClickExit>True</TreeViewMenuSingleClickExit>
    <TreeViewMenuDoubleClickExit>True</TreeViewMenuDoubleClickExit>
    <Context00>
      <CaseSensitive>False</CaseSensitive>
      <IgnoreAccents>True</IgnoreAccents>
      <ShowWholeBranchIfMatch>False</ShowWholeBranchIfMatch>
    </Context00>
    <Context01>
      <CaseSensitive>False</CaseSensitive>
      <IgnoreAccents>True</IgnoreAccents>
      <ShowWholeBranchIfMatch>False</ShowWholeBranchIfMatch>
    </Context01>
    <Context02>
      <CaseSensitive>False</CaseSensitive>
      <IgnoreAccents>True</IgnoreAccents>
      <ShowWholeBranchIfMatch>False</ShowWholeBranchIfMatch>
    </Context02>
    <Context03>
      <CaseSensitive>False</CaseSensitive>
      <IgnoreAccents>True</IgnoreAccents>
      <ShowWholeBranchIfMatch>False</ShowWholeBranchIfMatch>
    </Context03>
    <Context04>
      <CaseSensitive>False</CaseSensitive>
      <IgnoreAccents>True</IgnoreAccents>
      <ShowWholeBranchIfMatch>False</ShowWholeBranchIfMatch>
    </Context04>
    <Context05>
      <CaseSensitive>False</CaseSensitive>
      <IgnoreAccents>True</IgnoreAccents>
      <ShowWholeBranchIfMatch>False</ShowWholeBranchIfMatch>
    </Context05>
    <Context06>
      <CaseSensitive>False</CaseSensitive>
      <IgnoreAccents>True</IgnoreAccents>
      <ShowWholeBranchIfMatch>False</ShowWholeBranchIfMatch>
    </Context06>
    <TreeViewMenuUseKeyboardShortcut>True</TreeViewMenuUseKeyboardShortcut>
    <BackgroundColor>-2147483617</BackgroundColor>
    <ShortcutColor>255</ShortcutColor>
    <NormalTextColor>-2147483640</NormalTextColor>
    <SecondaryTextColor>-2147483642</SecondaryTextColor>
    <FoundTextColor>-2147483635</FoundTextColor>
    <UnselectableTextColor>-2147483631</UnselectableTextColor>
    <CursorColor>-2147483635</CursorColor>
    <ShortcutUnderCursor>-2147483634</ShortcutUnderCursor>
    <NormalTextUnderCursor>-2147483634</NormalTextUnderCursor>
    <SecondaryTextUnderCursor>-2147483628</SecondaryTextUnderCursor>
    <FoundTextUnderCursor>65535</FoundTextUnderCursor>
    <UnselectableUnderCursor>-2147483631</UnselectableUnderCursor>
  </TreeViewMenu>
  <FavoriteTabsOptions>
    <FavoriteTabsUseRestoreExtraOptions>False</FavoriteTabsUseRestoreExtraOptions>
    <WhereToAdd>1</WhereToAdd>
    <Expand>True</Expand>
    <GotoConfigAftSav>False</GotoConfigAftSav>
    <GotoConfigAftReSav>False</GotoConfigAftReSav>
    <DfltLeftGoTo>0</DfltLeftGoTo>
    <DfltRightGoTo>1</DfltRightGoTo>
    <DfltKeep>5</DfltKeep>
    <DfltSaveDirHistory>False</DfltSaveDirHistory>
    <FavTabsLastUniqueID>{DA06C309-F54C-4458-A4A8-D1C5CB842D4A}</FavTabsLastUniqueID>
  </FavoriteTabsOptions>
  <Lua>
    <PathToLibrary>lua5.1.dll</PathToLibrary>
  </Lua>
  <NameShortcutFile>shortcuts.scf</NameShortcutFile>
  <HotKeySortOrder>0</HotKeySortOrder>
  <UseEnterToCloseHotKeyEditor>True</UseEnterToCloseHotKeyEditor>
  <LastUsedPacker>zip</LastUsedPacker>
  <UseShellForFileOperations>True</UseShellForFileOperations>
  <LastDoAnyCommand>cm_Refresh</LastDoAnyCommand>
  <MarkMaskCaseSensitive>False</MarkMaskCaseSensitive>
  <MarkMaskIgnoreAccents>False</MarkMaskIgnoreAccents>
  <MarkMaskFilterWindows>False</MarkMaskFilterWindows>
  <MarkShowWantedAttribute>False</MarkShowWantedAttribute>
  <MarkDefaultWantedAttribute/>
  <MarkLastWantedAttribute/>
  <TCSection>
    <TCExecutableFilename>c:\totalcmd\TOTALCMD64.EXE</TCExecutableFilename>
    <TCConfigFilename>c:\totalcmd\wincmd.ini</TCConfigFilename>
    <TCToolbarPath>c:\totalcmd\</TCToolbarPath>
  </TCSection>
  <SearchTemplates>
    <Template>
      <Name>psd</Name>
      <StartPath/>
      <ExcludeDirectories/>
      <FilesMasks>.+psd</FilesMasks>
      <ExcludeFiles/>
      <SearchDepth>-1</SearchDepth>
      <IsPartialNameSearch>False</IsPartialNameSearch>
      <RegExp>True</RegExp>
      <FollowSymLinks>False</FollowSymLinks>
      <FindInArchives>False</FindInArchives>
      <AttributesPattern/>
      <IsDateFrom>False</IsDateFrom>
      <IsDateTo>False</IsDateTo>
      <IsTimeFrom>False</IsTimeFrom>
      <IsTimeTo>False</IsTimeTo>
      <IsNotOlderThan>False</IsNotOlderThan>
      <IsFileSizeFrom>False</IsFileSizeFrom>
      <IsFileSizeTo>False</IsFileSizeTo>
      <FileSizeUnit>1</FileSizeUnit>
      <IsFindText>False</IsFindText>
      <IsReplaceText>False</IsReplaceText>
      <HexValue>False</HexValue>
      <CaseSensitive>False</CaseSensitive>
      <NotContainingText>False</NotContainingText>
      <TextRegExp>False</TextRegExp>
      <TextEncoding>Default</TextEncoding>
      <SearchPlugin/>
      <ContentPlugins Enabled="False"/>
    </Template>
    <Template>
      <Name>check_gazprom</Name>
      <StartPath/>
      <ExcludeDirectories/>
      <FilesMasks>(?-i)^[A-Z0-9][a-z0-9]*(_[a-z0-9]+)*_\d{4}_(1080x540|1260x400|1920x1080|600x600|600x840)\.(jpg|psd)$</FilesMasks>
      <ExcludeFiles/>
      <SearchDepth>-1</SearchDepth>
      <IsPartialNameSearch>False</IsPartialNameSearch>
      <RegExp>True</RegExp>
      <FollowSymLinks>False</FollowSymLinks>
      <FindInArchives>False</FindInArchives>
      <AttributesPattern/>
      <IsDateFrom>False</IsDateFrom>
      <IsDateTo>False</IsDateTo>
      <IsTimeFrom>False</IsTimeFrom>
      <IsTimeTo>False</IsTimeTo>
      <IsNotOlderThan>False</IsNotOlderThan>
      <IsFileSizeFrom>False</IsFileSizeFrom>
      <IsFileSizeTo>False</IsFileSizeTo>
      <FileSizeUnit>1</FileSizeUnit>
      <IsFindText>False</IsFindText>
      <IsReplaceText>False</IsReplaceText>
      <HexValue>False</HexValue>
      <CaseSensitive>False</CaseSensitive>
      <NotContainingText>False</NotContainingText>
      <TextRegExp>False</TextRegExp>
      <TextEncoding>Default</TextEncoding>
      <SearchPlugin/>
      <ContentPlugins Enabled="False"/>
    </Template>
    <Template>
      <Name>check_rostelecom</Name>
      <StartPath/>
      <ExcludeDirectories/>
      <FilesMasks>(?-i)^[A-Z0-9][a-z0-9]*(_[a-z0-9]+)*_\d{4}__(sd|hd|3d)(_[a-z0-9]+)*_\d{3,}-\d{3,}\.poster\.(jpg|psd)$</FilesMasks>
      <ExcludeFiles/>
      <SearchDepth>-1</SearchDepth>
      <IsPartialNameSearch>False</IsPartialNameSearch>
      <RegExp>True</RegExp>
      <FollowSymLinks>False</FollowSymLinks>
      <FindInArchives>False</FindInArchives>
      <AttributesPattern/>
      <IsDateFrom>False</IsDateFrom>
      <IsDateTo>False</IsDateTo>
      <IsTimeFrom>False</IsTimeFrom>
      <IsTimeTo>False</IsTimeTo>
      <IsNotOlderThan>False</IsNotOlderThan>
      <IsFileSizeFrom>False</IsFileSizeFrom>
      <IsFileSizeTo>False</IsFileSizeTo>
      <FileSizeUnit>1</FileSizeUnit>
      <IsFindText>False</IsFindText>
      <IsReplaceText>False</IsReplaceText>
      <HexValue>False</HexValue>
      <CaseSensitive>False</CaseSensitive>
      <NotContainingText>False</NotContainingText>
      <TextRegExp>False</TextRegExp>
      <TextEncoding>Default</TextEncoding>
      <SearchPlugin/>
      <ContentPlugins Enabled="False"/>
    </Template>
    <Template>
      <Name>isDirGazprom</Name>
      <StartPath/>
      <ExcludeDirectories/>
      <FilesMasks>(?-i)^[A-Z0-9][a-z0-9]*(_[a-z0-9]+)*_\d{4}$</FilesMasks>
      <ExcludeFiles/>
      <SearchDepth>-1</SearchDepth>
      <IsPartialNameSearch>False</IsPartialNameSearch>
      <RegExp>True</RegExp>
      <FollowSymLinks>False</FollowSymLinks>
      <FindInArchives>False</FindInArchives>
      <AttributesPattern/>
      <IsDateFrom>False</IsDateFrom>
      <IsDateTo>False</IsDateTo>
      <IsTimeFrom>False</IsTimeFrom>
      <IsTimeTo>False</IsTimeTo>
      <IsNotOlderThan>False</IsNotOlderThan>
      <IsFileSizeFrom>False</IsFileSizeFrom>
      <IsFileSizeTo>False</IsFileSizeTo>
      <FileSizeUnit>1</FileSizeUnit>
      <IsFindText>False</IsFindText>
      <IsReplaceText>False</IsReplaceText>
      <HexValue>False</HexValue>
      <CaseSensitive>False</CaseSensitive>
      <NotContainingText>False</NotContainingText>
      <TextRegExp>False</TextRegExp>
      <TextEncoding>Default</TextEncoding>
      <SearchPlugin/>
      <ContentPlugins Enabled="False"/>
    </Template>
    <Template>
      <Name>isDirRostelecom</Name>
      <StartPath/>
      <ExcludeDirectories/>
      <FilesMasks>(?-i)^[A-Z0-9][a-z0-9]*(_[a-z0-9]+)*_\d{4}__(sd|hd|3d).*$</FilesMasks>
      <ExcludeFiles/>
      <SearchDepth>-1</SearchDepth>
      <IsPartialNameSearch>False</IsPartialNameSearch>
      <RegExp>True</RegExp>
      <FollowSymLinks>False</FollowSymLinks>
      <FindInArchives>False</FindInArchives>
      <AttributesPattern/>
      <IsDateFrom>False</IsDateFrom>
      <IsDateTo>False</IsDateTo>
      <IsTimeFrom>False</IsTimeFrom>
      <IsTimeTo>False</IsTimeTo>
      <IsNotOlderThan>False</IsNotOlderThan>
      <IsFileSizeFrom>False</IsFileSizeFrom>
      <IsFileSizeTo>False</IsFileSizeTo>
      <FileSizeUnit>1</FileSizeUnit>
      <IsFindText>False</IsFindText>
      <IsReplaceText>False</IsReplaceText>
      <HexValue>False</HexValue>
      <CaseSensitive>False</CaseSensitive>
      <NotContainingText>False</NotContainingText>
      <TextRegExp>False</TextRegExp>
      <TextEncoding>Default</TextEncoding>
      <SearchPlugin/>
      <ContentPlugins Enabled="False"/>
    </Template>
    <Template>
      <Name>all JPG</Name>
      <StartPath/>
      <ExcludeDirectories/>
      <FilesMasks>*.jpg</FilesMasks>
      <ExcludeFiles/>
      <SearchDepth>-1</SearchDepth>
      <IsPartialNameSearch>True</IsPartialNameSearch>
      <RegExp>False</RegExp>
      <FollowSymLinks>False</FollowSymLinks>
      <FindInArchives>False</FindInArchives>
      <AttributesPattern/>
      <IsDateFrom>False</IsDateFrom>
      <IsDateTo>False</IsDateTo>
      <IsTimeFrom>False</IsTimeFrom>
      <IsTimeTo>False</IsTimeTo>
      <IsNotOlderThan>False</IsNotOlderThan>
      <IsFileSizeFrom>False</IsFileSizeFrom>
      <IsFileSizeTo>False</IsFileSizeTo>
      <FileSizeUnit>1</FileSizeUnit>
      <IsFindText>False</IsFindText>
      <IsReplaceText>False</IsReplaceText>
      <HexValue>False</HexValue>
      <CaseSensitive>False</CaseSensitive>
      <NotContainingText>False</NotContainingText>
      <TextRegExp>False</TextRegExp>
      <TextEncoding>Default</TextEncoding>
      <SearchPlugin/>
      <ContentPlugins Enabled="False"/>
    </Template>
    <Template>
      <Name>all JPG starting from digits</Name>
      <StartPath/>
      <ExcludeDirectories/>
      <FilesMasks>^\d{3,}.*jpg</FilesMasks>
      <ExcludeFiles/>
      <SearchDepth>-1</SearchDepth>
      <IsPartialNameSearch>False</IsPartialNameSearch>
      <RegExp>True</RegExp>
      <FollowSymLinks>False</FollowSymLinks>
      <FindInArchives>False</FindInArchives>
      <AttributesPattern/>
      <IsDateFrom>False</IsDateFrom>
      <IsDateTo>False</IsDateTo>
      <IsTimeFrom>False</IsTimeFrom>
      <IsTimeTo>False</IsTimeTo>
      <IsNotOlderThan>False</IsNotOlderThan>
      <IsFileSizeFrom>False</IsFileSizeFrom>
      <IsFileSizeTo>False</IsFileSizeTo>
      <FileSizeUnit>1</FileSizeUnit>
      <IsFindText>False</IsFindText>
      <IsReplaceText>False</IsReplaceText>
      <HexValue>False</HexValue>
      <CaseSensitive>False</CaseSensitive>
      <NotContainingText>False</NotContainingText>
      <TextRegExp>False</TextRegExp>
      <TextEncoding>Default</TextEncoding>
      <SearchPlugin/>
      <ContentPlugins Enabled="False"/>
    </Template>
    <Template>
      <Name>all newcache</Name>
      <StartPath/>
      <ExcludeDirectories/>
      <FilesMasks>.*(270|503|1620|810).</FilesMasks>
      <ExcludeFiles/>
      <SearchDepth>-1</SearchDepth>
      <IsPartialNameSearch>False</IsPartialNameSearch>
      <RegExp>True</RegExp>
      <FollowSymLinks>False</FollowSymLinks>
      <FindInArchives>False</FindInArchives>
      <AttributesPattern/>
      <IsDateFrom>False</IsDateFrom>
      <IsDateTo>False</IsDateTo>
      <IsTimeFrom>False</IsTimeFrom>
      <IsTimeTo>False</IsTimeTo>
      <IsNotOlderThan>False</IsNotOlderThan>
      <IsFileSizeFrom>False</IsFileSizeFrom>
      <IsFileSizeTo>False</IsFileSizeTo>
      <FileSizeUnit>1</FileSizeUnit>
      <IsFindText>False</IsFindText>
      <IsReplaceText>False</IsReplaceText>
      <HexValue>False</HexValue>
      <CaseSensitive>False</CaseSensitive>
      <NotContainingText>False</NotContainingText>
      <TextRegExp>False</TextRegExp>
      <TextEncoding>Default</TextEncoding>
      <SearchPlugin/>
      <ContentPlugins Enabled="False"/>
    </Template>
    <Template>
      <Name>jpg 350-380-525</Name>
      <StartPath/>
      <ExcludeDirectories/>
      <FilesMasks>.*(190|350|380|525).+jpg</FilesMasks>
      <ExcludeFiles/>
      <SearchDepth>-1</SearchDepth>
      <IsPartialNameSearch>False</IsPartialNameSearch>
      <RegExp>True</RegExp>
      <FollowSymLinks>False</FollowSymLinks>
      <FindInArchives>False</FindInArchives>
      <AttributesPattern/>
      <IsDateFrom>False</IsDateFrom>
      <IsDateTo>False</IsDateTo>
      <IsTimeFrom>False</IsTimeFrom>
      <IsTimeTo>False</IsTimeTo>
      <IsNotOlderThan>False</IsNotOlderThan>
      <IsFileSizeFrom>False</IsFileSizeFrom>
      <IsFileSizeTo>False</IsFileSizeTo>
      <FileSizeUnit>1</FileSizeUnit>
      <IsFindText>False</IsFindText>
      <IsReplaceText>False</IsReplaceText>
      <HexValue>False</HexValue>
      <CaseSensitive>False</CaseSensitive>
      <NotContainingText>False</NotContainingText>
      <TextRegExp>False</TextRegExp>
      <TextEncoding>Default</TextEncoding>
      <SearchPlugin/>
      <ContentPlugins Enabled="False"/>
    </Template>
    <Template>
      <Name>jpg newcache</Name>
      <StartPath/>
      <ExcludeDirectories/>
      <FilesMasks>.*(270|503|1620|810).+jpg</FilesMasks>
      <ExcludeFiles/>
      <SearchDepth>-1</SearchDepth>
      <IsPartialNameSearch>False</IsPartialNameSearch>
      <RegExp>True</RegExp>
      <FollowSymLinks>False</FollowSymLinks>
      <FindInArchives>False</FindInArchives>
      <AttributesPattern/>
      <IsDateFrom>False</IsDateFrom>
      <IsDateTo>False</IsDateTo>
      <IsTimeFrom>False</IsTimeFrom>
      <IsTimeTo>False</IsTimeTo>
      <IsNotOlderThan>False</IsNotOlderThan>
      <IsFileSizeFrom>False</IsFileSizeFrom>
      <IsFileSizeTo>False</IsFileSizeTo>
      <FileSizeUnit>1</FileSizeUnit>
      <IsFindText>False</IsFindText>
      <IsReplaceText>False</IsReplaceText>
      <HexValue>False</HexValue>
      <CaseSensitive>False</CaseSensitive>
      <NotContainingText>False</NotContainingText>
      <TextRegExp>False</TextRegExp>
      <TextEncoding>Default</TextEncoding>
      <SearchPlugin/>
      <ContentPlugins Enabled="False"/>
    </Template>
    <Template>
      <Name>rename export</Name>
      <StartPath/>
      <ExcludeDirectories/>
      <FilesMasks>\d+-\d+.jpg</FilesMasks>
      <ExcludeFiles/>
      <SearchDepth>-1</SearchDepth>
      <IsPartialNameSearch>False</IsPartialNameSearch>
      <RegExp>True</RegExp>
      <FollowSymLinks>False</FollowSymLinks>
      <FindInArchives>False</FindInArchives>
      <AttributesPattern/>
      <IsDateFrom>False</IsDateFrom>
      <IsDateTo>False</IsDateTo>
      <IsTimeFrom>False</IsTimeFrom>
      <IsTimeTo>False</IsTimeTo>
      <IsNotOlderThan>False</IsNotOlderThan>
      <IsFileSizeFrom>False</IsFileSizeFrom>
      <IsFileSizeTo>False</IsFileSizeTo>
      <FileSizeUnit>1</FileSizeUnit>
      <IsFindText>False</IsFindText>
      <IsReplaceText>False</IsReplaceText>
      <HexValue>False</HexValue>
      <CaseSensitive>False</CaseSensitive>
      <NotContainingText>False</NotContainingText>
      <TextRegExp>False</TextRegExp>
      <TextEncoding>Default</TextEncoding>
      <SearchPlugin/>
      <ContentPlugins Enabled="False"/>
    </Template>
  </SearchTemplates>
  <ColumnsSets DefaultTitleHash="540805403">
    <ColumnsSet UseFrameCursor="False">
      <Name>Default</Name>
      <CustomView>False</CustomView>
      <FileSystem>&lt;General&gt;</FileSystem>
      <PixelsPerInch>96</PixelsPerInch>
      <CursorBorder Enabled="True">
        <Color>16711680</Color>
      </CursorBorder>
      <Columns>
        <Column>
          <Title>Name</Title>
          <FuncString>[DC().GETFILENAMENOEXT{}]</FuncString>
          <Width>250</Width>
          <Align>0</Align>
          <Font>
            <Name>Segoe UI</Name>
            <Size>9</Size>
            <Style>0</Style>
            <Quality>0</Quality>
          </Font>
          <TextColor>16777215</TextColor>
          <Background>2238503</Background>
          <Background2>3618615</Background2>
          <MarkColor>5297653</MarkColor>
          <CursorColor>9989407</CursorColor>
          <CursorText>16777215</CursorText>
          <InactiveCursorColor>-2147483645</InactiveCursorColor>
          <InactiveMarkColor>5297653</InactiveMarkColor>
          <UseInvertedSelection>True</UseInvertedSelection>
          <UseInactiveSelColor>False</UseInactiveSelColor>
          <Overcolor>True</Overcolor>
        </Column>
        <Column>
          <Title>Ext</Title>
          <FuncString>[DC().GETFILEEXT{}]</FuncString>
          <Width>50</Width>
          <Align>0</Align>
          <Font>
            <Name>Segoe UI</Name>
            <Size>9</Size>
            <Style>0</Style>
            <Quality>0</Quality>
          </Font>
          <TextColor>16777215</TextColor>
          <Background>2238503</Background>
          <Background2>3618615</Background2>
          <MarkColor>5297653</MarkColor>
          <CursorColor>9989407</CursorColor>
          <CursorText>16777215</CursorText>
          <InactiveCursorColor>-2147483645</InactiveCursorColor>
          <InactiveMarkColor>5297653</InactiveMarkColor>
          <UseInvertedSelection>True</UseInvertedSelection>
          <UseInactiveSelColor>False</UseInactiveSelColor>
          <Overcolor>True</Overcolor>
        </Column>
        <Column>
          <Title>Size</Title>
          <FuncString>[DC().GETFILESIZE{}]</FuncString>
          <Width>63</Width>
          <Align>1</Align>
          <Font>
            <Name>Segoe UI</Name>
            <Size>9</Size>
            <Style>0</Style>
            <Quality>0</Quality>
          </Font>
          <TextColor>16777215</TextColor>
          <Background>2238503</Background>
          <Background2>3618615</Background2>
          <MarkColor>5297653</MarkColor>
          <CursorColor>9989407</CursorColor>
          <CursorText>16777215</CursorText>
          <InactiveCursorColor>-2147483645</InactiveCursorColor>
          <InactiveMarkColor>5297653</InactiveMarkColor>
          <UseInvertedSelection>True</UseInvertedSelection>
          <UseInactiveSelColor>False</UseInactiveSelColor>
          <Overcolor>True</Overcolor>
        </Column>
        <Column>
          <Title>Date</Title>
          <FuncString>[DC().GETFILETIME{}]</FuncString>
          <Width>140</Width>
          <Align>2</Align>
          <Font>
            <Name>Segoe UI</Name>
            <Size>9</Size>
            <Style>0</Style>
            <Quality>0</Quality>
          </Font>
          <TextColor>16777215</TextColor>
          <Background>2238503</Background>
          <Background2>3618615</Background2>
          <MarkColor>5297653</MarkColor>
          <CursorColor>9989407</CursorColor>
          <CursorText>16777215</CursorText>
          <InactiveCursorColor>-2147483645</InactiveCursorColor>
          <InactiveMarkColor>5297653</InactiveMarkColor>
          <UseInvertedSelection>True</UseInvertedSelection>
          <UseInactiveSelColor>False</UseInactiveSelColor>
          <Overcolor>True</Overcolor>
        </Column>
        <Column>
          <Title>Attr</Title>
          <FuncString>[DC().GETFILEATTR{}]</FuncString>
          <Width>100</Width>
          <Align>0</Align>
          <Font>
            <Name>Segoe UI</Name>
            <Size>9</Size>
            <Style>0</Style>
            <Quality>0</Quality>
          </Font>
          <TextColor>16777215</TextColor>
          <Background>2238503</Background>
          <Background2>3618615</Background2>
          <MarkColor>5297653</MarkColor>
          <CursorColor>9989407</CursorColor>
          <CursorText>16777215</CursorText>
          <InactiveCursorColor>-2147483645</InactiveCursorColor>
          <InactiveMarkColor>5297653</InactiveMarkColor>
          <UseInvertedSelection>True</UseInvertedSelection>
          <UseInactiveSelColor>False</UseInactiveSelColor>
          <Overcolor>True</Overcolor>
        </Column>
      </Columns>
    </ColumnsSet>
    <ColumnsSet UseFrameCursor="False">
      <Name>Default (2021-03-11@00-37-42)</Name>
      <CustomView>False</CustomView>
      <FileSystem>&lt;General&gt;</FileSystem>
      <PixelsPerInch>96</PixelsPerInch>
      <CursorBorder Enabled="False">
        <Color>16711680</Color>
      </CursorBorder>
      <Columns>
        <Column>
          <Title>Name</Title>
          <FuncString>[DC().GETFILENAMENOEXT{}]</FuncString>
          <Width>250</Width>
          <Align>0</Align>
          <Font>
            <Name>Segoe UI</Name>
            <Size>9</Size>
            <Style>0</Style>
            <Quality>0</Quality>
          </Font>
          <TextColor>16777215</TextColor>
          <Background>2238503</Background>
          <Background2>3618615</Background2>
          <MarkColor>5297653</MarkColor>
          <CursorColor>-2147483646</CursorColor>
          <CursorText>-2147483619</CursorText>
          <InactiveCursorColor>-2147483645</InactiveCursorColor>
          <InactiveMarkColor>32896</InactiveMarkColor>
          <UseInvertedSelection>True</UseInvertedSelection>
          <UseInactiveSelColor>False</UseInactiveSelColor>
          <Overcolor>False</Overcolor>
        </Column>
        <Column>
          <Title>Ext</Title>
          <FuncString>[DC().GETFILEEXT{}]</FuncString>
          <Width>50</Width>
          <Align>0</Align>
          <Font>
            <Name>Segoe UI</Name>
            <Size>9</Size>
            <Style>0</Style>
            <Quality>0</Quality>
          </Font>
          <TextColor>16777215</TextColor>
          <Background>2238503</Background>
          <Background2>3618615</Background2>
          <MarkColor>5297653</MarkColor>
          <CursorColor>-2147483646</CursorColor>
          <CursorText>-2147483619</CursorText>
          <InactiveCursorColor>-2147483645</InactiveCursorColor>
          <InactiveMarkColor>32896</InactiveMarkColor>
          <UseInvertedSelection>True</UseInvertedSelection>
          <UseInactiveSelColor>False</UseInactiveSelColor>
          <Overcolor>False</Overcolor>
        </Column>
        <Column>
          <Title>Size</Title>
          <FuncString>[DC().GETFILESIZE{}]</FuncString>
          <Width>70</Width>
          <Align>1</Align>
          <Font>
            <Name>Segoe UI</Name>
            <Size>9</Size>
            <Style>0</Style>
            <Quality>0</Quality>
          </Font>
          <TextColor>16777215</TextColor>
          <Background>2238503</Background>
          <Background2>3618615</Background2>
          <MarkColor>5297653</MarkColor>
          <CursorColor>-2147483646</CursorColor>
          <CursorText>-2147483619</CursorText>
          <InactiveCursorColor>-2147483645</InactiveCursorColor>
          <InactiveMarkColor>32896</InactiveMarkColor>
          <UseInvertedSelection>True</UseInvertedSelection>
          <UseInactiveSelColor>False</UseInactiveSelColor>
          <Overcolor>False</Overcolor>
        </Column>
        <Column>
          <Title>Date</Title>
          <FuncString>[DC().GETFILETIME{}]</FuncString>
          <Width>140</Width>
          <Align>1</Align>
          <Font>
            <Name>Segoe UI</Name>
            <Size>9</Size>
            <Style>0</Style>
            <Quality>0</Quality>
          </Font>
          <TextColor>16777215</TextColor>
          <Background>2238503</Background>
          <Background2>3618615</Background2>
          <MarkColor>5297653</MarkColor>
          <CursorColor>-2147483646</CursorColor>
          <CursorText>-2147483619</CursorText>
          <InactiveCursorColor>-2147483645</InactiveCursorColor>
          <InactiveMarkColor>32896</InactiveMarkColor>
          <UseInvertedSelection>True</UseInvertedSelection>
          <UseInactiveSelColor>False</UseInactiveSelColor>
          <Overcolor>False</Overcolor>
        </Column>
        <Column>
          <Title>Attr</Title>
          <FuncString>[DC().GETFILEATTR{}]</FuncString>
          <Width>100</Width>
          <Align>0</Align>
          <Font>
            <Name>Segoe UI</Name>
            <Size>9</Size>
            <Style>0</Style>
            <Quality>0</Quality>
          </Font>
          <TextColor>16777215</TextColor>
          <Background>2238503</Background>
          <Background2>3618615</Background2>
          <MarkColor>5297653</MarkColor>
          <CursorColor>-2147483646</CursorColor>
          <CursorText>-2147483619</CursorText>
          <InactiveCursorColor>-2147483645</InactiveCursorColor>
          <InactiveMarkColor>32896</InactiveMarkColor>
          <UseInvertedSelection>True</UseInvertedSelection>
          <UseInactiveSelColor>False</UseInactiveSelColor>
          <Overcolor>False</Overcolor>
        </Column>
      </Columns>
    </ColumnsSet>
  </ColumnsSets>
  <Plugins>
    <DsxPlugins/>
    <WcxPlugins>
      <WcxPlugin Enabled="True">
        <ArchiveExt>zip</ArchiveExt>
        <Path>%commander_path%\plugins\wcx\zip\zip.wcx</Path>
        <Flags>735</Flags>
      </WcxPlugin>
      <WcxPlugin Enabled="True">
        <ArchiveExt>jar</ArchiveExt>
        <Path>%commander_path%\plugins\wcx\zip\zip.wcx</Path>
        <Flags>990</Flags>
      </WcxPlugin>
      <WcxPlugin Enabled="True">
        <ArchiveExt>7z</ArchiveExt>
        <Path>%commander_path%\plugins\wcx\sevenzip\sevenzip.wcx</Path>
        <Flags>607</Flags>
      </WcxPlugin>
      <WcxPlugin Enabled="True">
        <ArchiveExt>tar</ArchiveExt>
        <Path>%commander_path%\plugins\wcx\zip\zip.wcx</Path>
        <Flags>223</Flags>
      </WcxPlugin>
      <WcxPlugin Enabled="True">
        <ArchiveExt>bz2</ArchiveExt>
        <Path>%commander_path%\plugins\wcx\zip\zip.wcx</Path>
        <Flags>91</Flags>
      </WcxPlugin>
      <WcxPlugin Enabled="True">
        <ArchiveExt>tbz</ArchiveExt>
        <Path>%commander_path%\plugins\wcx\zip\zip.wcx</Path>
        <Flags>95</Flags>
      </WcxPlugin>
      <WcxPlugin Enabled="True">
        <ArchiveExt>gz</ArchiveExt>
        <Path>%commander_path%\plugins\wcx\zip\zip.wcx</Path>
        <Flags>91</Flags>
      </WcxPlugin>
      <WcxPlugin Enabled="True">
        <ArchiveExt>tgz</ArchiveExt>
        <Path>%commander_path%\plugins\wcx\zip\zip.wcx</Path>
        <Flags>95</Flags>
      </WcxPlugin>
      <WcxPlugin Enabled="True">
        <ArchiveExt>lzma</ArchiveExt>
        <Path>%commander_path%\plugins\wcx\zip\zip.wcx</Path>
        <Flags>1</Flags>
      </WcxPlugin>
      <WcxPlugin Enabled="True">
        <ArchiveExt>tlz</ArchiveExt>
        <Path>%commander_path%\plugins\wcx\zip\zip.wcx</Path>
        <Flags>95</Flags>
      </WcxPlugin>
      <WcxPlugin Enabled="True">
        <ArchiveExt>xz</ArchiveExt>
        <Path>%commander_path%\plugins\wcx\zip\zip.wcx</Path>
        <Flags>91</Flags>
      </WcxPlugin>
      <WcxPlugin Enabled="True">
        <ArchiveExt>txz</ArchiveExt>
        <Path>%commander_path%\plugins\wcx\zip\zip.wcx</Path>
        <Flags>95</Flags>
      </WcxPlugin>
      <WcxPlugin Enabled="True">
        <ArchiveExt>zipx</ArchiveExt>
        <Path>%commander_path%\plugins\wcx\zip\zip.wcx</Path>
        <Flags>223</Flags>
      </WcxPlugin>
      <WcxPlugin Enabled="True">
        <ArchiveExt>cpio</ArchiveExt>
        <Path>%commander_path%\plugins\wcx\sevenzip\sevenzip.wcx</Path>
        <Flags>4</Flags>
      </WcxPlugin>
      <WcxPlugin Enabled="True">
        <ArchiveExt>deb</ArchiveExt>
        <Path>%commander_path%\plugins\wcx\sevenzip\sevenzip.wcx</Path>
        <Flags>4</Flags>
      </WcxPlugin>
      <WcxPlugin Enabled="True">
        <ArchiveExt>arj</ArchiveExt>
        <Path>%commander_path%\plugins\wcx\sevenzip\sevenzip.wcx</Path>
        <Flags>4</Flags>
      </WcxPlugin>
      <WcxPlugin Enabled="True">
        <ArchiveExt>cab</ArchiveExt>
        <Path>%commander_path%\plugins\wcx\sevenzip\sevenzip.wcx</Path>
        <Flags>4</Flags>
      </WcxPlugin>
      <WcxPlugin Enabled="True">
        <ArchiveExt>cramfs</ArchiveExt>
        <Path>%commander_path%\plugins\wcx\sevenzip\sevenzip.wcx</Path>
        <Flags>4</Flags>
      </WcxPlugin>
      <WcxPlugin Enabled="True">
        <ArchiveExt>dmg</ArchiveExt>
        <Path>%commander_path%\plugins\wcx\sevenzip\sevenzip.wcx</Path>
        <Flags>4</Flags>
      </WcxPlugin>
      <WcxPlugin Enabled="True">
        <ArchiveExt>fat</ArchiveExt>
        <Path>%commander_path%\plugins\wcx\sevenzip\sevenzip.wcx</Path>
        <Flags>4</Flags>
      </WcxPlugin>
      <WcxPlugin Enabled="True">
        <ArchiveExt>hfs</ArchiveExt>
        <Path>%commander_path%\plugins\wcx\sevenzip\sevenzip.wcx</Path>
        <Flags>4</Flags>
      </WcxPlugin>
      <WcxPlugin Enabled="True">
        <ArchiveExt>iso</ArchiveExt>
        <Path>%commander_path%\plugins\wcx\sevenzip\sevenzip.wcx</Path>
        <Flags>4</Flags>
      </WcxPlugin>
      <WcxPlugin Enabled="True">
        <ArchiveExt>lha</ArchiveExt>
        <Path>%commander_path%\plugins\wcx\sevenzip\sevenzip.wcx</Path>
        <Flags>4</Flags>
      </WcxPlugin>
      <WcxPlugin Enabled="True">
        <ArchiveExt>lzh</ArchiveExt>
        <Path>%commander_path%\plugins\wcx\sevenzip\sevenzip.wcx</Path>
        <Flags>4</Flags>
      </WcxPlugin>
      <WcxPlugin Enabled="True">
        <ArchiveExt>ntfs</ArchiveExt>
        <Path>%commander_path%\plugins\wcx\sevenzip\sevenzip.wcx</Path>
        <Flags>4</Flags>
      </WcxPlugin>
      <WcxPlugin Enabled="True">
        <ArchiveExt>squashfs</ArchiveExt>
        <Path>%commander_path%\plugins\wcx\sevenzip\sevenzip.wcx</Path>
        <Flags>4</Flags>
      </WcxPlugin>
      <WcxPlugin Enabled="True">
        <ArchiveExt>taz</ArchiveExt>
        <Path>%commander_path%\plugins\wcx\sevenzip\sevenzip.wcx</Path>
        <Flags>4</Flags>
      </WcxPlugin>
      <WcxPlugin Enabled="True">
        <ArchiveExt>vhd</ArchiveExt>
        <Path>%commander_path%\plugins\wcx\sevenzip\sevenzip.wcx</Path>
        <Flags>4</Flags>
      </WcxPlugin>
      <WcxPlugin Enabled="True">
        <ArchiveExt>wim</ArchiveExt>
        <Path>%commander_path%\plugins\wcx\sevenzip\sevenzip.wcx</Path>
        <Flags>85</Flags>
      </WcxPlugin>
      <WcxPlugin Enabled="True">
        <ArchiveExt>xar</ArchiveExt>
        <Path>%commander_path%\plugins\wcx\sevenzip\sevenzip.wcx</Path>
        <Flags>4</Flags>
      </WcxPlugin>
      <WcxPlugin Enabled="True">
        <ArchiveExt>z</ArchiveExt>
        <Path>%commander_path%\plugins\wcx\sevenzip\sevenzip.wcx</Path>
        <Flags>4</Flags>
      </WcxPlugin>
      <WcxPlugin Enabled="True">
        <ArchiveExt>rpm</ArchiveExt>
        <Path>%commander_path%\plugins\wcx\rpm\rpm.wcx</Path>
        <Flags>4</Flags>
      </WcxPlugin>
      <WcxPlugin Enabled="True">
        <ArchiveExt>rar</ArchiveExt>
        <Path>%commander_path%\plugins\wcx\unrar\unrar.wcx</Path>
        <Flags>607</Flags>
      </WcxPlugin>
    </WcxPlugins>
    <WdxPlugins>
      <WdxPlugin>
        <Name>deb_wdx</Name>
        <Path>%commander_path%\plugins\wdx\deb_wdx\deb_wdx.wdx</Path>
        <DetectString>EXT="DEB"</DetectString>
      </WdxPlugin>
      <WdxPlugin>
        <Name>rpm_wdx</Name>
        <Path>%commander_path%\plugins\wdx\rpm_wdx\rpm_wdx.wdx</Path>
        <DetectString>EXT="RPM"</DetectString>
      </WdxPlugin>
      <WdxPlugin>
        <Name>audioinfo</Name>
        <Path>C:\doublecmd\plugins\wdx\audioinfo\audioinfo.wdx</Path>
        <DetectString>(EXT="MP3") | (EXT="MP2") | (EXT="MP1") | (EXT="OGG") | (EXT="WMA") | (EXT="WAV") | (EXT="VQF") | (EXT="AAC") | (EXT="APE") | (EXT="MPC") | (EXT="FLAC") | (EXT="CDA") | (EXT="TTA") | (EXT="AC3") | (EXT="DTS") | (EXT="WV") | (EXT="WVC") | (EXT="OFR") | (EXT="OFS") | (EXT="M4A") | (EXT="MP4")</DetectString>
      </WdxPlugin>
    </WdxPlugins>
    <WfxPlugins>
      <WfxPlugin Enabled="True">
        <Name>FTP</Name>
        <Path>%commander_path%\plugins\wfx\ftp\ftp.wfx</Path>
      </WfxPlugin>
    </WfxPlugins>
    <WlxPlugins/>
    <TweakPluginWidth0>0</TweakPluginWidth0>
    <TweakPluginHeight0>0</TweakPluginHeight0>
    <TweakPluginWidth1>0</TweakPluginWidth1>
    <TweakPluginHeight1>0</TweakPluginHeight1>
    <TweakPluginWidth2>0</TweakPluginWidth2>
    <TweakPluginHeight2>0</TweakPluginHeight2>
    <TweakPluginWidth3>0</TweakPluginWidth3>
    <TweakPluginHeight3>0</TweakPluginHeight3>
    <TweakPluginWidth4>0</TweakPluginWidth4>
    <TweakPluginHeight4>0</TweakPluginHeight4>
    <AutoTweak>False</AutoTweak>
    <WCXConfigViewMode>0</WCXConfigViewMode>
    <PluginFilenameStyle>0</PluginFilenameStyle>
    <PluginPathToBeRelativeTo>%COMMANDER_PATH%</PluginPathToBeRelativeTo>
  </Plugins>
  <MultiRenamePresets>
    <LastPreset/>
    <Presets/>
  </MultiRenamePresets>
</doublecmd>
