<?xml version="1.0" encoding="UTF-8"?>
<doublecmd>
  <History>
    <Navigation>
      <Item>C:\DISTANT_WORK\</Item>
      <Item>C:\DISTANT_WORK\02-tue\</Item>
      <Item>C:\DISTANT_WORK\02-tue\_amedia\</Item>
      <Item>C:\DISTANT_WORK\02-tue\_amedia\Instinkt_s02_2019__hd_amed\</Item>
      <Item>C:\</Item>
      <Item>C:\Users\</Item>
      <Item>C:\Users\park-\</Item>
      <Item>C:\Users\park-\go\</Item>
      <Item>C:\Users\park-\go\src\</Item>
      <Item>C:\Users\park-\go\src\github.com\</Item>
      <Item>C:\Users\park-\go\src\github.com\kiohime\</Item>
      <Item>C:\Users\park-\go\src\github.com\kiohime\lesson\</Item>
      <Item>C:\totalcmd\</Item>
      <Item>C:\DISTANT_WORK\_gazprom\</Item>
      <Item>C:\DISTANT_WORK\_gazprom\Kamilla_klodel_1915_2013\</Item>
      <Item>C:\DISTANT_WORK\_gazprom\_prior\</Item>
      <Item>C:\DISTANT_WORK\_gazprom\Cvet_iz_inyh_mirov_2019\</Item>
      <Item>C:\DISTANT_WORK\_gazprom\Cvet_iz_inyh_mirov_2019\Cvet_iz_inyh_mirov_2019\</Item>
      <Item>C:\doublecmd\utilites\icons\</Item>
      <Item>C:\doublecmd\utilites\icons\icomic\</Item>
      <Item>C:\doublecmd\utilites\</Item>
      <Item>C:\doublecmd\utilites\icons\icandy\</Item>
      <Item>C:\doublecmd\utilites\icandy\</Item>
      <Item>C:\doublecmd\</Item>
      <Item>C:\doublecmd\plugins\</Item>
      <Item>C:\DISTANT_WORK\!test\</Item>
      <Item>C:\DISTANT_WORK\!test\Korol_vorov_2018\</Item>
      <Item>C:\DISTANT_WORK\_gazprom\Bez_tormozov_2016\</Item>
      <Item>C:\DISTANT_WORK\06-sat\</Item>
      <Item>C:\DISTANT_WORK\06-sat\divergent_glava_2_insurgent_2015\</Item>
      <Item>C:\DISTANT_WORK\__kirill\</Item>
      <Item>C:\DISTANT_WORK\__kirill\derevo_rodiny_1987\</Item>
      <Item>C:\DISTANT_WORK\__kirill\derevo_rodiny_1987\google_apple_feed\</Item>
      <Item>C:\DISTANT_WORK\__kirill\derevo_rodiny_1987\google_apple_feed\jpg\</Item>
      <Item>C:\DISTANT_WORK\_gazprom\_bazelevs\</Item>
      <Item>C:\totalcmd\tools\</Item>
      <Item>C:\totalcmd\tools\bin\</Item>
      <Item>C:\DISTANT_WORK\_gazprom\Poslednee_izgnanie_dyavola_2010\</Item>
      <Item>C:\DISTANT_WORK\_gazprom\_bazelevs\Kanikuly_feliksa_s01_2005\</Item>
      <Item>C:\DISTANT_WORK\_gazprom\_bazelevs\Kniga_dzhungley_1990\</Item>
      <Item>C:\__downloads\doublecmd-0.9.10.x86_64-win64\doublecmd\</Item>
      <Item>C:\__downloads\doublecmd-0.9.10.x86_64-win64\</Item>
      <Item>C:\__downloads\</Item>
      <Item>C:\doublecmd\doc\</Item>
      <Item>C:\doublecmd\highlighters\</Item>
      <Item>C:\doublecmd\pixmaps\</Item>
      <Item>C:\Users\park-\go\src\github.com\kiohime\lesson\filefind\</Item>
      <Item>C:\totalcmd\plugins\</Item>
      <Item>C:\totalcmd\plugins\sftpplug\</Item>
      <Item>C:\totalcmd\plugins\sftpplug\64\</Item>
      <Item>C:\Users\park-\go\src\github.com\kiohime\lesson\filefind\filefind_cli\</Item>
    </Navigation>
    <CommandLine>
      <Item>cm_configgotkeys</Item>
      <Item>go env</Item>
      <Item>mama</Item>
    </CommandLine>
    <FileMask>
      <Item>jpg</Item>
      <Item>*525*</Item>
      <Item>525</Item>
      <Item>psd</Item>
      <Item>*.dll</Item>
    </FileMask>
    <SearchText>
      <Item>color</Item>
      <Item>psd</Item>
    </SearchText>
    <SearchTextPath/>
    <ReplaceText/>
    <ReplaceTextPath/>
    <CreateDirectories>
      <Item>icomic</Item>
      <Item>icandy</Item>
      <Item>utilites</Item>
    </CreateDirectories>
    <SearchDirectories>
      <Item>C:\DISTANT_WORK\</Item>
      <Item>C:\DISTANT_WORK\02-tue\_amedia\Instinkt_s02_2019__hd_amed\</Item>
      <Item>C:\doublecmd\</Item>
    </SearchDirectories>
    <SearchExcludeFiles/>
    <SearchExcludeDirectories/>
  </History>
</doublecmd>
